grantee,privilege
ORACLE_AI,SELECT ANY DICTIONARY
PDB_DBA,CREATE PLUGGABLE DATABASE
PDB_DBA,CREATE SESSION
ORACLE_AI,UNLIMITED TABLESPACE
SYS,INHERIT ANY PRIVILEGES
RESOURCE,CREATE SEQUENCE
DBA,ALTER SESSION
DBA,CREATE TABLESPACE
DBA,ALTER TABLESPACE
DBA,ALTER USER
DBA,ALTER ROLLBACK SEGMENT
DBA,CREATE ANY CLUSTER
DBA,CREATE ANY SYNONYM
DBA,SELECT ANY SEQUENCE
DBA,DROP PROFILE
DBA,ALTER ANY MATERIALIZED VIEW
DBA,UNDER ANY VIEW
DBA,CREATE ANY CONTEXT
DBA,CREATE ANY OUTLINE
DBA,ON COMMIT REFRESH
DBA,SELECT ANY TRANSACTION
DBA,DROP ANY MINING MODEL
DBA,SELECT ANY MINING MODEL
DBA,DROP ANY CUBE DIMENSION
DBA,SELECT ANY CUBE
DBA,CREATE CUBE BUILD PROCESS
DBA,CREATE SQL TRANSLATION PROFILE
DBA,CREATE ANY SQL TRANSLATION PROFILE
DBA,CREATE LOCKDOWN PROFILE
DBA,DROP LOCKDOWN PROFILE
DBA,CREATE CREDENTIAL
DBA,CREATE ANY CREDENTIAL
DBA,LOGMINING
DBA,ALTER ANY MEASURE FOLDER
DBA,CREATE ATTRIBUTE DIMENSION
DBA,CREATE ANY ATTRIBUTE DIMENSION
DBA,ALTER ANY ATTRIBUTE DIMENSION
DBA,CREATE ANY HIERARCHY
AUDSYS,CREATE TABLE
SYS,ALTER USER
SYS,DROP ANY CLUSTER
SYS,CREATE PUBLIC SYNONYM
SYS,CREATE VIEW
SYS,DROP ANY VIEW
SYS,CREATE OPERATOR
SYS,ON COMMIT REFRESH
SYS,DEBUG CONNECT SESSION
SYS,CREATE ANY RULE SET
SYS,EXECUTE ANY RULE SET
SYS,CREATE RULE
SYS,ALTER ANY RULE
SYS,DROP ANY SQL PROFILE
SYS,MANAGE ANY FILE GROUP
SYS,DROP ANY ASSEMBLY
SYS,DROP ANY CUBE
SYS,CREATE ANY MEASURE FOLDER
SYS,DROP LOCKDOWN PROFILE
SYS,LOGMINING
SYS,DROP ANY HIERARCHY
SYS,ALTER ANY ANALYTIC VIEW
SYSTEM,CREATE TABLE
IMP_FULL_DATABASE,CREATE ANY TABLE
IMP_FULL_DATABASE,CREATE ANY SEQUENCE
IMP_FULL_DATABASE,INSERT ANY TABLE
IMP_FULL_DATABASE,CREATE ANY SQL PROFILE
IMP_FULL_DATABASE,ADMINISTER SQL MANAGEMENT OBJECT
IMP_FULL_DATABASE,DROP ANY PROCEDURE
DATAPUMP_EXP_FULL_DATABASE,CREATE SESSION
IMP_FULL_DATABASE,CREATE SESSION
IMP_FULL_DATABASE,ALTER USER
IMP_FULL_DATABASE,ALTER PROFILE
RECOVERY_CATALOG_OWNER,CREATE VIEW
EM_EXPRESS_ALL,CREATE JOB
EM_EXPRESS_ALL,CREATE TABLESPACE
EM_EXPRESS_ALL,DROP PROFILE
EXP_FULL_DATABASE,READ ANY FILE GROUP
SCHEDULER_ADMIN,MANAGE SCHEDULER
SYSBACKUP,DROP TABLESPACE
SYSBACKUP,SELECT ANY TRANSACTION
SYSKM,ADMINISTER KEY MANAGEMENT
GSMADMIN_INTERNAL,CREATE EXTERNAL JOB
GSMADMIN_INTERNAL,CREATE TABLESPACE
GSMADMIN_INTERNAL,ALTER DATABASE LINK
WMSYS,CREATE ANY TRIGGER
WMSYS,ADMINISTER DATABASE TRIGGER
WMSYS,LOCK ANY TABLE
JAVADEBUGPRIV,DEBUG CONNECT SESSION
MDSYS,CREATE SEQUENCE
MDSYS,INHERIT ANY PRIVILEGES
OLAP_DBA,SELECT ANY TABLE
OLAP_DBA,DROP ANY CUBE BUILD PROCESS
OLAP_DBA,DROP ANY VIEW
OLAP_USER,CREATE TABLE
OLAP_USER,CREATE CUBE
OLAP_USER,CREATE JOB
DV_REALM_RESOURCE,CREATE SYNONYM
DV_REALM_RESOURCE,CREATE TRIGGER
DV_REALM_OWNER,CREATE ANY MATERIALIZED VIEW
DV_REALM_OWNER,CREATE ANY OPERATOR
DV_REALM_OWNER,CREATE ANY SEQUENCE
DV_REALM_OWNER,ALTER ANY DIMENSION
DV_REALM_OWNER,ALTER ANY PROCEDURE
DV_REALM_OWNER,DROP ANY PROCEDURE
DV_REALM_OWNER,DROP ANY TYPE
DBA,ALTER SYSTEM
DBA,RESTRICTED SESSION
DBA,DROP ANY TABLE
DBA,LOCK ANY TABLE
DBA,UPDATE ANY TABLE
DBA,DROP ANY VIEW
DBA,FORCE TRANSACTION
DBA,CREATE PROCEDURE
DBA,CREATE TRIGGER
DBA,ALTER ANY TRIGGER
DBA,ALTER PROFILE
DBA,CREATE ANY MATERIALIZED VIEW
DBA,CREATE LIBRARY
DBA,DROP ANY CONTEXT
DBA,DEBUG CONNECT ANY
DBA,CREATE EVALUATION CONTEXT
DBA,ALTER ANY EVALUATION CONTEXT
DBA,DROP ANY EVALUATION CONTEXT
DBA,CREATE RULE SET
DBA,ALTER ANY RULE SET
DBA,CREATE ANY JOB
DBA,ADMINISTER ANY SQL TUNING SET
DBA,DELETE ANY CUBE DIMENSION
DBA,CREATE MEASURE FOLDER
DBA,DELETE ANY MEASURE FOLDER
DBA,UPDATE ANY CUBE BUILD PROCESS
DBA,FLASHBACK ARCHIVE ADMINISTER
DBA,CREATE PLUGGABLE DATABASE
DBA,SELECT ANY MEASURE FOLDER
DBA,ALTER ANY CUBE BUILD PROCESS
SYS,UNLIMITED TABLESPACE
SYS,DROP USER
SYS,CREATE CLUSTER
SYS,DROP ANY INDEX
SYS,DROP ANY SYNONYM
SYS,DROP PUBLIC SYNONYM
SYS,CREATE ANY VIEW
SYS,DROP PUBLIC DATABASE LINK
SYS,DROP ANY TRIGGER
SYS,CREATE PROFILE
SYS,EXECUTE ANY TYPE
SYS,CREATE ANY OPERATOR
SYS,CREATE ANY INDEXTYPE
SYS,UNDER ANY VIEW
SYS,FLASHBACK ANY TABLE
SYS,DROP ANY RULE
SYS,SELECT ANY TRANSACTION
SYS,ALTER ANY EDITION
SYS,EXECUTE ASSEMBLY
SYS,SELECT ANY CUBE DIMENSION
SYS,DROP ANY MEASURE FOLDER
SYS,CREATE CUBE BUILD PROCESS
SYS,DROP ANY CUBE BUILD PROCESS
SYS,FLASHBACK ARCHIVE ADMINISTER
SYS,CREATE LOCKDOWN PROFILE
SYS,SELECT ANY CUBE BUILD PROCESS
IMP_FULL_DATABASE,CREATE ANY CLUSTER
IMP_FULL_DATABASE,CREATE DATABASE LINK
IMP_FULL_DATABASE,UPDATE ANY TABLE
IMP_FULL_DATABASE,CREATE ANY TYPE
IMP_FULL_DATABASE,CREATE ANY LIBRARY
IMP_FULL_DATABASE,DROP ROLLBACK SEGMENT
IMP_FULL_DATABASE,DROP ANY DIRECTORY
IMP_FULL_DATABASE,DROP ANY CONTEXT
IMP_FULL_DATABASE,ALTER ANY TRIGGER
GSMUSER_ROLE,ALTER SYSTEM
DATAPUMP_IMP_FULL_DATABASE,GRANT ANY ROLE
IMP_FULL_DATABASE,AUDIT SYSTEM
IMP_FULL_DATABASE,ALTER DATABASE
RECOVERY_CATALOG_OWNER,CREATE PROCEDURE
EM_EXPRESS_ALL,ADMINISTER SQL MANAGEMENT OBJECT
EM_EXPRESS_ALL,CREATE ROLE
EM_EXPRESS_ALL,DROP USER
AQ_ADMINISTRATOR_ROLE,CREATE RULE SET
IMP_FULL_DATABASE,MANAGE ANY QUEUE
OEM_ADVISOR,ADMINISTER SQL TUNING SET
SYSBACKUP,ALTER DATABASE
SYSBACKUP,ALTER SYSTEM
GSMADMIN_INTERNAL,CREATE PUBLIC DATABASE LINK
GSMADMIN_INTERNAL,CREATE ANY TABLE
GSMADMIN_INTERNAL,DROP TABLESPACE
GSMADMIN_INTERNAL,ALTER TABLESPACE
GSMADMIN_INTERNAL,ALTER SESSION
GSMADMIN_INTERNAL,SET CONTAINER
WMSYS,CREATE ANY INDEX
WMSYS,ALTER ANY TABLE
WMSYS,CREATE ANY TABLE
WMSYS,ALTER ANY TRIGGER
WMSYS,ALTER ANY SEQUENCE
WMSYS,CREATE ANY SEQUENCE
CTXSYS,INHERIT ANY PRIVILEGES
CTXSYS,MANAGE SCHEDULER
CTXAPP,CREATE SEQUENCE
MDSYS,DROP PUBLIC SYNONYM
ORDDATA,UNLIMITED TABLESPACE
OLAP_DBA,UPDATE ANY TABLE
OLAP_DBA,CREATE ANY CUBE DIMENSION
OLAP_DBA,DROP ANY CUBE DIMENSION
OLAP_USER,CREATE VIEW
OLAP_USER,CREATE SEQUENCE
DV_REALM_RESOURCE,CREATE TABLE
DV_REALM_RESOURCE,CREATE VIEW
DV_REALM_OWNER,CREATE ANY CONTEXT
DV_REALM_OWNER,CREATE ANY OUTLINE
DV_REALM_OWNER,CREATE ANY TRIGGER
DV_REALM_OWNER,ALTER ANY TYPE
DV_REALM_OWNER,SELECT ANY SEQUENCE
RESOURCE,CREATE PROCEDURE
DBA,DELETE ANY TABLE
DBA,CREATE CLUSTER
DBA,CREATE ANY INDEX
DBA,CREATE PUBLIC SYNONYM
DBA,CREATE ANY VIEW
DBA,CREATE ANY SEQUENCE
DBA,CREATE PUBLIC DATABASE LINK
DBA,ALTER DATABASE
DBA,CREATE PROFILE
DBA,GRANT ANY PRIVILEGE
DBA,EXECUTE ANY TYPE
DBA,UNDER ANY TYPE
DBA,ALTER ANY LIBRARY
DBA,ALTER ANY OPERATOR
DBA,CREATE DIMENSION
DBA,DROP ANY DIMENSION
DBA,CREATE ANY EVALUATION CONTEXT
DBA,EXECUTE ANY EVALUATION CONTEXT
DBA,ALTER ANY RULE
DBA,ANALYZE ANY DICTIONARY
DBA,MANAGE SCHEDULER
DBA,ADMINISTER SQL TUNING SET
DBA,CREATE CUBE
DBA,DROP ANY CUBE
DBA,DROP ANY SQL TRANSLATION PROFILE
DBA,USE ANY JOB RESOURCE
DBA,CREATE HIERARCHY
DBA,CREATE ANY ANALYTIC VIEW
DBA,ALTER ANY ANALYTIC VIEW
SYS,DELETE ANY TABLE
SYS,CREATE ANY SEQUENCE
SYS,DROP ANY ROLE
SYS,GRANT ANY ROLE
SYS,ALTER DATABASE
SYS,CREATE MATERIALIZED VIEW
SYS,CREATE ANY DIRECTORY
SYS,DROP ANY DIRECTORY
SYS,CREATE ANY LIBRARY
SYS,CREATE INDEXTYPE
SYS,CREATE ANY DIMENSION
SYS,DROP ANY DIMENSION
SYS,ALTER ANY OUTLINE
SYS,RESUMABLE
SYS,CREATE RULE SET
SYS,IMPORT FULL DATABASE
SYS,CREATE JOB
SYS,ADMINISTER ANY SQL TUNING SET
SYS,CHANGE NOTIFICATION
SYS,CREATE CUBE DIMENSION
SYS,DELETE ANY CUBE DIMENSION
SYS,UPDATE ANY CUBE
SYS,DELETE ANY MEASURE FOLDER
SYS,EM EXPRESS CONNECT
SYS,CREATE ANY CREDENTIAL
SYS,DROP ANY ATTRIBUTE DIMENSION
SYS,CREATE ANALYTIC VIEW
SYSTEM,SELECT ANY TABLE
EXP_FULL_DATABASE,EXECUTE ANY TYPE
EXP_FULL_DATABASE,SELECT ANY SEQUENCE
IMP_FULL_DATABASE,COMMENT ANY TABLE
IMP_FULL_DATABASE,ALTER ANY TABLE
IMP_FULL_DATABASE,DROP ANY SEQUENCE
IMP_FULL_DATABASE,DROP PROFILE
IMP_FULL_DATABASE,ALTER ANY TYPE
DATAPUMP_IMP_FULL_DATABASE,SELECT ANY TABLE
DATAPUMP_IMP_FULL_DATABASE,DELETE ANY TABLE
DATAPUMP_IMP_FULL_DATABASE,AUDIT ANY
IMP_FULL_DATABASE,ALTER RESOURCE COST
RECOVERY_CATALOG_OWNER,CREATE SESSION
RECOVERY_CATALOG_OWNER,CREATE TABLE
RECOVERY_CATALOG_OWNER,CREATE SYNONYM
RECOVERY_CATALOG_OWNER,CREATE SEQUENCE
RECOVERY_CATALOG_OWNER_VPD,DROP ANY CONTEXT
EM_EXPRESS_ALL,DROP TABLESPACE
EM_EXPRESS_ALL,GRANT ANY PRIVILEGE
EM_EXPRESS_ALL,ALTER ANY ROLE
EM_EXPRESS_ALL,ALTER PROFILE
AUDSYS,ANALYZE ANY DICTIONARY
IMP_FULL_DATABASE,ADMINISTER RESOURCE MANAGER
SCHEDULER_ADMIN,EXECUTE ANY PROGRAM
AQ_ADMINISTRATOR_ROLE,MANAGE ANY QUEUE
OEM_MONITOR,SELECT ANY DICTIONARY
DBSNMP,UNLIMITED TABLESPACE
APPQOSSYS,ADMINISTER RESOURCE MANAGER
SYSBACKUP,RESUMABLE
SYSBACKUP,SELECT ANY DICTIONARY
SYSDG,ALTER SESSION
SYSDG,ALTER SYSTEM
GSMADMIN_INTERNAL,ALTER ANY INDEX
GSMADMIN_INTERNAL,LOCK ANY TABLE
WMSYS,CREATE ANY PROCEDURE
WMSYS,CREATE USER
CTXSYS,UNLIMITED TABLESPACE
LBACSYS,ADMINISTER DATABASE TRIGGER
OLAP_DBA,INSERT ANY CUBE DIMENSION
OLAP_DBA,DELETE ANY CUBE DIMENSION
OLAP_DBA,DROP ANY CUBE
OLAP_DBA,INSERT ANY MEASURE FOLDER
DV_REALM_RESOURCE,CREATE INDEXTYPE
DV_REALM_OWNER,CREATE ANY INDEX
DV_REALM_OWNER,CREATE ANY PROCEDURE
DV_REALM_OWNER,ALTER ANY SEQUENCE
DV_REALM_OWNER,ALTER ANY TRIGGER
DV_REALM_OWNER,EXECUTE ANY INDEXTYPE
DV_REALM_OWNER,EXECUTE ANY PROCEDURE
DV_ACCTMGR,ALTER USER
DV_ACCTMGR,CREATE PROFILE
CONNECT,CREATE SESSION
RESOURCE,CREATE CLUSTER
DBA,DROP TABLESPACE
DBA,DROP ROLLBACK SEGMENT
DBA,CREATE TABLE
DBA,BACKUP ANY TABLE
DBA,COMMENT ANY TABLE
DBA,ALTER ANY CLUSTER
DBA,DROP ANY INDEX
DBA,CREATE DATABASE LINK
DBA,FORCE ANY TRANSACTION
DBA,CREATE ANY TRIGGER
DBA,DROP ANY TRIGGER
DBA,DROP ANY DIRECTORY
DBA,QUERY REWRITE
DBA,CREATE ANY DIMENSION
DBA,MANAGE ANY QUEUE
DBA,DROP ANY OUTLINE
DBA,MERGE ANY VIEW
DBA,DEBUG CONNECT SESSION
DBA,CREATE ANY RULE SET
DBA,EXPORT FULL DATABASE
DBA,CREATE RULE
DBA,EXECUTE ANY CLASS
DBA,MANAGE ANY FILE GROUP
DBA,CREATE ASSEMBLY
DBA,EXECUTE ANY ASSEMBLY
DBA,EXECUTE ASSEMBLY
DBA,SELECT ANY CUBE DIMENSION
DBA,CREATE ANY CUBE
DBA,INSERT ANY MEASURE FOLDER
DBA,CREATE ANY CUBE BUILD PROCESS
DBA,ALTER ANY HIERARCHY
DBA,DROP ANY ANALYTIC VIEW
SYS,ALTER SESSION
SYS,MANAGE TABLESPACE
SYS,DROP TABLESPACE
SYS,DROP ROLLBACK SEGMENT
SYS,ALTER ANY TABLE
SYS,INSERT ANY TABLE
SYS,CREATE SYNONYM
SYS,CREATE SEQUENCE
SYS,FORCE TRANSACTION
SYS,CREATE PROCEDURE
SYS,CREATE ANY TRIGGER
SYS,ALTER ANY MATERIALIZED VIEW
SYS,CREATE TYPE
SYS,ALTER ANY LIBRARY
SYS,GLOBAL QUERY REWRITE
SYS,GRANT ANY OBJECT PRIVILEGE
SYS,CREATE ANY EVALUATION CONTEXT
SYS,ALTER ANY EVALUATION CONTEXT
SYS,EXPORT FULL DATABASE
SYS,CREATE ANY RULE
SYS,EXECUTE ANY RULE
SYS,MANAGE FILE GROUP
SYS,READ ANY FILE GROUP
SYS,CREATE ASSEMBLY
SYS,CREATE ANY ASSEMBLY
SYS,DROP ANY CUBE DIMENSION
SYS,CREATE CUBE
SYS,SELECT ANY CUBE
SYS,ALTER LOCKDOWN PROFILE
SYS,CREATE CREDENTIAL
SYS,USE ANY JOB RESOURCE
SYS,DROP ANY ANALYTIC VIEW
CONNECT,SET CONTAINER
EXP_FULL_DATABASE,SELECT ANY TABLE
EXP_FULL_DATABASE,EXECUTE ANY PROCEDURE
EXP_FULL_DATABASE,ADMINISTER SQL MANAGEMENT OBJECT
IMP_FULL_DATABASE,CREATE ANY TRIGGER
IMP_FULL_DATABASE,CREATE PROFILE
IMP_FULL_DATABASE,CREATE USER
IMP_FULL_DATABASE,CREATE ANY DIRECTORY
IMP_FULL_DATABASE,CREATE ANY OPERATOR
IMP_FULL_DATABASE,GLOBAL QUERY REWRITE
IMP_FULL_DATABASE,DROP ANY INDEX
IMP_FULL_DATABASE,DROP ANY VIEW
IMP_FULL_DATABASE,DROP ANY LIBRARY
IMP_FULL_DATABASE,DROP ANY OPERATOR
IMP_FULL_DATABASE,RESUMABLE
GSMUSER_ROLE,CREATE SESSION
DATAPUMP_IMP_FULL_DATABASE,ALTER USER
DATAPUMP_IMP_FULL_DATABASE,ALTER DATABASE
DATAPUMP_IMP_FULL_DATABASE,ALTER PROFILE
DATAPUMP_IMP_FULL_DATABASE,GRANT ANY OBJECT PRIVILEGE
EXP_FULL_DATABASE,CREATE SESSION
EXP_FULL_DATABASE,CREATE TABLE
EXP_FULL_DATABASE,ANALYZE ANY
IMP_FULL_DATABASE,DELETE ANY TABLE
IMP_FULL_DATABASE,GRANT ANY OBJECT PRIVILEGE
RECOVERY_CATALOG_OWNER,CREATE TRIGGER
RECOVERY_CATALOG_OWNER_VPD,CREATE ANY SYNONYM
EM_EXPRESS_ALL,GRANT ANY OBJECT PRIVILEGE
EM_EXPRESS_ALL,GRANT ANY ROLE
EM_EXPRESS_ALL,CREATE USER
EM_EXPRESS_ALL,SET CONTAINER
EM_EXPRESS_ALL,ADMINISTER RESOURCE MANAGER
AUDSYS,CREATE JOB
SCHEDULER_ADMIN,CREATE JOB
SCHEDULER_ADMIN,CREATE ANY JOB
AQ_ADMINISTRATOR_ROLE,CREATE EVALUATION CONTEXT
AQ_ADMINISTRATOR_ROLE,CREATE RULE
OEM_MONITOR,CREATE JOB
DBSNMP,SELECT ANY DICTIONARY
APPQOSSYS,CREATE SESSION
SYSBACKUP,UNLIMITED TABLESPACE
GSMADMIN_INTERNAL,CREATE ANY CREDENTIAL
GSMADMIN_INTERNAL,ALTER ANY TABLE
GSMADMIN_INTERNAL,EXEMPT ACCESS POLICY
GSMCATUSER,CREATE SESSION
XDB,CREATE LIBRARY
WMSYS,DROP ANY PROCEDURE
WMSYS,UPDATE ANY TABLE
WMSYS,DROP ANY SEQUENCE
CTXSYS,CREATE JOB
MDSYS,CREATE PUBLIC SYNONYM
DVSYS,UNLIMITED TABLESPACE
OLAP_DBA,DROP ANY TABLE
OLAP_DBA,CREATE ANY MEASURE FOLDER
DV_REALM_RESOURCE,CREATE SEQUENCE
DV_REALM_OWNER,CREATE ANY CLUSTER
DV_ACCTMGR,DROP PROFILE
DATAPATCH_ROLE,ALTER SESSION
DBA,CREATE SESSION
DBA,CREATE USER
DBA,CREATE ROLLBACK SEGMENT
DBA,SELECT ANY TABLE
DBA,REDEFINE ANY TABLE
DBA,DROP ANY CLUSTER
DBA,ALTER ANY INDEX
DBA,CREATE SYNONYM
DBA,DROP PUBLIC SYNONYM
DBA,DROP ANY SEQUENCE
DBA,CREATE ROLE
DBA,DROP ANY ROLE
DBA,ALTER RESOURCE COST
DBA,ANALYZE ANY
DBA,CREATE MATERIALIZED VIEW
DBA,DROP ANY MATERIALIZED VIEW
DBA,CREATE OPERATOR
DBA,UNDER ANY TABLE
DBA,ALTER ANY OUTLINE
DBA,ADMINISTER RESOURCE MANAGER
DBA,RESUMABLE
DBA,DEBUG ANY PROCEDURE
DBA,FLASHBACK ANY TABLE
DBA,EXECUTE ANY RULE SET
DBA,CREATE ANY RULE
DBA,MANAGE FILE GROUP
DBA,READ ANY FILE GROUP
DBA,CREATE EXTERNAL JOB
DBA,CREATE ANY EDITION
DBA,ALTER ANY ASSEMBLY
DBA,CREATE CUBE DIMENSION
DBA,INSERT ANY CUBE DIMENSION
DBA,CREATE ANY MEASURE FOLDER
DBA,ADMINISTER SQL MANAGEMENT OBJECT
DBA,ALTER ANY SQL TRANSLATION PROFILE
DBA,EM EXPRESS CONNECT
DBA,DROP ANY HIERARCHY
SYSTEM,DEQUEUE ANY QUEUE
SYS,ALTER SYSTEM
SYS,AUDIT SYSTEM
SYS,ALTER TABLESPACE
SYS,CREATE USER
SYS,ALTER ROLLBACK SEGMENT
SYS,DROP ANY TABLE
SYS,CREATE ANY SYNONYM
SYS,DROP ANY SEQUENCE
SYS,SELECT ANY SEQUENCE
SYS,CREATE PUBLIC DATABASE LINK
SYS,CREATE ANY PROCEDURE
SYS,ALTER ANY PROCEDURE
SYS,CREATE TRIGGER
SYS,ALTER ANY TRIGGER
SYS,CREATE ANY MATERIALIZED VIEW
SYS,CREATE ANY TYPE
SYS,ALTER ANY TYPE
SYS,UNDER ANY TYPE
SYS,CREATE LIBRARY
SYS,DROP ANY LIBRARY
SYS,ALTER ANY OPERATOR
SYS,DROP ANY OPERATOR
SYS,ALTER ANY INDEXTYPE
SYS,UNDER ANY TABLE
SYS,ADMINISTER DATABASE TRIGGER
SYS,ALTER ANY RULE SET
SYS,EXECUTE ANY PROGRAM
SYS,MANAGE SCHEDULER
SYS,ALTER ANY CUBE
SYS,CREATE MEASURE FOLDER
SYS,UPDATE ANY CUBE BUILD PROCESS
SYS,USE ANY SQL TRANSLATION PROFILE
SYS,CREATE ATTRIBUTE DIMENSION
AUDIT_ADMIN,AUDIT ANY
IMP_FULL_DATABASE,CREATE ANY PROCEDURE
IMP_FULL_DATABASE,EXECUTE ANY TYPE
IMP_FULL_DATABASE,ADMINISTER DATABASE TRIGGER
IMP_FULL_DATABASE,DROP ANY CLUSTER
IMP_FULL_DATABASE,DROP ANY SYNONYM
IMP_FULL_DATABASE,DROP TABLESPACE
IMP_FULL_DATABASE,DROP USER
IMP_FULL_DATABASE,ALTER ANY PROCEDURE
GSMADMIN_INTERNAL,MANAGE SCHEDULER
DATAPUMP_IMP_FULL_DATABASE,AUDIT SYSTEM
DATAPUMP_IMP_FULL_DATABASE,CREATE PROFILE
IMP_FULL_DATABASE,ALTER TABLESPACE
RECOVERY_CATALOG_OWNER_VPD,CREATE ANY CONTEXT
EM_EXPRESS_BASIC,CREATE SESSION
EM_EXPRESS_ALL,CREATE PROFILE
EXP_FULL_DATABASE,ADMINISTER RESOURCE MANAGER
AQ_ADMINISTRATOR_ROLE,ENQUEUE ANY QUEUE
DBSNMP,INHERIT ANY PRIVILEGES
DBSNMP,CREATE TABLE
SYSDG,SELECT ANY DICTIONARY
GSMADMIN_INTERNAL,SELECT ANY DICTIONARY
GSMADMIN_ROLE,ALTER SYSTEM
GSMADMIN_INTERNAL,SELECT ANY TABLE
GSMADMIN_INTERNAL,UNLIMITED TABLESPACE
XDB,DROP PUBLIC SYNONYM
XDB,CREATE VIEW
WMSYS,DROP ANY INDEX
WMSYS,SELECT ANY TABLE
WMSYS,DROP ANY TRIGGER
WMSYS,DROP USER
WMSYS,INHERIT ANY PRIVILEGES
CTXSYS,CREATE SYNONYM
LBACSYS,CREATE SESSION
MDSYS,CREATE VIEW
OLAP_DBA,SELECT ANY CUBE
OLAP_DBA,CREATE ANY CUBE BUILD PROCESS
OLAP_DBA,CREATE JOB
OLAP_USER,CREATE CUBE BUILD PROCESS
DV_REALM_RESOURCE,CREATE OPERATOR
DV_REALM_RESOURCE,CREATE PROCEDURE
DV_REALM_OWNER,COMMENT ANY TABLE
DV_REALM_OWNER,CREATE ANY DIMENSION
DV_REALM_OWNER,CREATE ANY TABLE
DV_REALM_OWNER,ALTER ANY OPERATOR
DV_REALM_OWNER,ALTER ANY OUTLINE
DV_REALM_OWNER,DELETE ANY TABLE
DV_REALM_OWNER,INSERT ANY TABLE
DV_ACCTMGR,CREATE USER
DV_ACCTMGR,ALTER PROFILE
RESOURCE,CREATE TABLE
RESOURCE,CREATE TRIGGER
RESOURCE,CREATE TYPE
RESOURCE,CREATE OPERATOR
RESOURCE,CREATE INDEXTYPE
DBA,BECOME USER
DBA,DROP USER
DBA,INSERT ANY TABLE
DBA,DROP ANY SYNONYM
DBA,CREATE VIEW
DBA,CREATE TYPE
DBA,EXECUTE ANY OPERATOR
DBA,CREATE INDEXTYPE
DBA,GLOBAL QUERY REWRITE
DBA,ALTER ANY DIMENSION
DBA,ADMINISTER DATABASE TRIGGER
DBA,SELECT ANY DICTIONARY
DBA,GRANT ANY OBJECT PRIVILEGE
DBA,DROP ANY RULE SET
DBA,DROP ANY RULE
DBA,EXECUTE ANY PROGRAM
DBA,ALTER ANY EDITION
DBA,CREATE MINING MODEL
DBA,CREATE ANY MINING MODEL
DBA,ALTER ANY MINING MODEL
DBA,UPDATE ANY CUBE
DBA,ALTER LOCKDOWN PROFILE
DBA,SELECT ANY CUBE BUILD PROCESS
DBA,DROP ANY ATTRIBUTE DIMENSION
DBA,CREATE ANALYTIC VIEW
SYS,CREATE TABLESPACE
SYS,CREATE TABLE
SYS,CREATE ANY TABLE
SYS,COMMENT ANY TABLE
SYS,CREATE ANY CLUSTER
SYS,ALTER ANY ROLE
SYS,AUDIT ANY
SYS,FORCE ANY TRANSACTION
SYS,EXECUTE ANY PROCEDURE
SYS,ALTER PROFILE
SYS,DROP PROFILE
SYS,ALTER RESOURCE COST
SYS,EXECUTE ANY INDEXTYPE
SYS,ENQUEUE ANY QUEUE
SYS,DROP ANY CONTEXT
SYS,MERGE ANY VIEW
SYS,DEBUG ANY PROCEDURE
SYS,DROP ANY EVALUATION CONTEXT
SYS,CREATE ANY JOB
SYS,EXECUTE ANY CLASS
SYS,CREATE EXTERNAL JOB
SYS,CREATE ANY EDITION
SYS,ALTER ANY ASSEMBLY
SYS,EXECUTE ANY ASSEMBLY
SYS,CREATE ANY MINING MODEL
SYS,CREATE ANY CUBE
SYS,CREATE ANY CUBE BUILD PROCESS
SYS,CREATE ANY SQL TRANSLATION PROFILE
SYS,ALTER ANY MEASURE FOLDER
SYS,CREATE HIERARCHY
SYS,ALTER ANY HIERARCHY
SYSTEM,GLOBAL QUERY REWRITE
CDB_DBA,SET CONTAINER
EXP_FULL_DATABASE,RESUMABLE
IMP_FULL_DATABASE,BECOME USER
IMP_FULL_DATABASE,CREATE ANY SYNONYM
IMP_FULL_DATABASE,CREATE ANY VIEW
IMP_FULL_DATABASE,CREATE PUBLIC SYNONYM
IMP_FULL_DATABASE,CREATE ROLLBACK SEGMENT
IMP_FULL_DATABASE,CREATE ROLE
IMP_FULL_DATABASE,CREATE TABLESPACE
IMP_FULL_DATABASE,SELECT ANY TABLE
IMP_FULL_DATABASE,EXECUTE ANY PROCEDURE
IMP_FULL_DATABASE,DROP PUBLIC SYNONYM
IMP_FULL_DATABASE,DROP ANY INDEXTYPE
GSMADMIN_INTERNAL,ALTER SYSTEM
DIP,CREATE SESSION
DATAPUMP_IMP_FULL_DATABASE,CREATE SESSION
DATAPUMP_IMP_FULL_DATABASE,GRANT ANY PRIVILEGE
DATAPUMP_IMP_FULL_DATABASE,EXECUTE ANY OPERATOR
IMP_FULL_DATABASE,GRANT ANY ROLE
RECOVERY_CATALOG_OWNER,CREATE CLUSTER
RECOVERY_CATALOG_OWNER_VPD,DROP ANY SYNONYM
RECOVERY_CATALOG_OWNER_VPD,ADMINISTER DATABASE TRIGGER
EM_EXPRESS_ALL,ADVISOR
EM_EXPRESS_ALL,ALTER SYSTEM
EM_EXPRESS_ALL,DROP ANY ROLE
EM_EXPRESS_ALL,ALTER USER
AUDSYS,SET CONTAINER
SCHEDULER_ADMIN,CREATE CREDENTIAL
AQ_ADMINISTRATOR_ROLE,DEQUEUE ANY QUEUE
OEM_ADVISOR,ADVISOR
OEM_ADVISOR,CREATE JOB
OEM_MONITOR,ANALYZE ANY DICTIONARY
APPQOSSYS,ALTER SESSION
SYSBACKUP,ALTER TABLESPACE
SYSBACKUP,AUDIT ANY
SYSBACKUP,CREATE ANY DIRECTORY
SYSRAC,ALTER SYSTEM
GSMADMIN_INTERNAL,CREATE SESSION
GSMADMIN_INTERNAL,CREATE DATABASE LINK
GSMADMIN_INTERNAL,DROP PUBLIC DATABASE LINK
GSMADMIN_INTERNAL,CREATE ANY JOB
GSMUSER_ROLE,EXEMPT ACCESS POLICY
ANONYMOUS,CREATE SESSION
XDB,CREATE SESSION
XDB,CREATE PUBLIC SYNONYM
WMSYS,ALTER SESSION
WMSYS,INSERT ANY TABLE
WMSYS,UNLIMITED TABLESPACE
OJVMSYS,UNLIMITED TABLESPACE
JAVADEBUGPRIV,DEBUG ANY PROCEDURE
CTXSYS,SET CONTAINER
CTXSYS,CREATE PUBLIC SYNONYM
CTXSYS,DROP PUBLIC SYNONYM
XDB,CREATE JOB
DVF,CREATE PROCEDURE
ORDSYS,UNLIMITED TABLESPACE
OLAP_DBA,UPDATE ANY CUBE DIMENSION
OLAP_DBA,DELETE ANY MEASURE FOLDER
OLAP_DBA,DROP ANY MEASURE FOLDER
OLAP_DBA,UPDATE ANY CUBE BUILD PROCESS
DVSYS,CREATE ROLE
DV_REALM_RESOURCE,CREATE TYPE
DV_REALM_OWNER,CREATE ANY SYNONYM
DV_REALM_OWNER,ALTER ANY CLUSTER
DV_REALM_OWNER,ALTER ANY INDEX
DV_REALM_OWNER,ALTER ANY MATERIALIZED VIEW
DV_REALM_OWNER,ALTER ANY TABLE
DV_REALM_OWNER,DROP ANY CLUSTER
DV_REALM_OWNER,DROP ANY DIMENSION
DV_REALM_OWNER,DROP ANY INDEX
DV_REALM_OWNER,DROP ANY VIEW
DV_ACCTMGR,DROP USER
DV_ACCTMGR,CREATE SESSION
DBA,AUDIT SYSTEM
DBA,ALTER ANY TABLE
DBA,ALTER ANY SEQUENCE
DBA,DROP PUBLIC DATABASE LINK
DBA,AUDIT ANY
DBA,ALTER ANY TYPE
DBA,DROP ANY TYPE
DBA,EXECUTE ANY LIBRARY
DBA,CREATE ANY OPERATOR
DBA,DROP ANY OPERATOR
DBA,CREATE ANY INDEXTYPE
DBA,DROP ANY INDEXTYPE
DBA,EXECUTE ANY INDEXTYPE
DBA,IMPORT FULL DATABASE
DBA,EXECUTE ANY RULE
DBA,CREATE JOB
DBA,DROP ANY SQL PROFILE
DBA,ALTER ANY SQL PROFILE
DBA,CREATE ANY SQL PROFILE
DBA,CHANGE NOTIFICATION
DBA,DROP ANY EDITION
DBA,CREATE ANY ASSEMBLY
DBA,COMMENT ANY MINING MODEL
DBA,DROP ANY MEASURE FOLDER
DBA,READ ANY TABLE
SYSTEM,UNLIMITED TABLESPACE
SYSTEM,ENQUEUE ANY QUEUE
SYS,BACKUP ANY TABLE
SYS,LOCK ANY TABLE
SYS,REDEFINE ANY TABLE
SYS,ALTER ANY CLUSTER
SYS,ALTER ANY SEQUENCE
SYS,CREATE ROLE
SYS,GRANT ANY PRIVILEGE
SYS,EXECUTE ANY LIBRARY
SYS,QUERY REWRITE
SYS,CREATE DIMENSION
SYS,ALTER ANY DIMENSION
SYS,DEQUEUE ANY QUEUE
SYS,DROP ANY OUTLINE
SYS,ADMINISTER RESOURCE MANAGER
SYS,EXECUTE ANY EVALUATION CONTEXT
SYS,DROP ANY RULE SET
SYS,ALTER ANY SQL PROFILE
SYS,ADMINISTER SQL TUNING SET
SYS,DROP ANY EDITION
SYS,DROP ANY MINING MODEL
SYS,ALTER ANY MINING MODEL
SYS,ALTER ANY CUBE DIMENSION
SYS,CREATE ANY CUBE DIMENSION
SYS,INSERT ANY MEASURE FOLDER
SYS,UPDATE ANY CUBE DIMENSION
SYS,ALTER ANY SQL TRANSLATION PROFILE
SYS,DROP ANY SQL TRANSLATION PROFILE
SYS,SELECT ANY MEASURE FOLDER
SYS,READ ANY TABLE
SYS,CREATE ANY ATTRIBUTE DIMENSION
SYS,CREATE ANY ANALYTIC VIEW
SYSTEM,CREATE MATERIALIZED VIEW
AUDIT_ADMIN,AUDIT SYSTEM
IMP_FULL_DATABASE,CREATE PUBLIC DATABASE LINK
IMP_FULL_DATABASE,CREATE ANY CONTEXT
IMP_FULL_DATABASE,CREATE ANY INDEXTYPE
IMP_FULL_DATABASE,DROP ANY TABLE
IMP_FULL_DATABASE,DROP ANY MATERIALIZED VIEW
IMP_FULL_DATABASE,DROP ANY TYPE
IMP_FULL_DATABASE,ANALYZE ANY
IMP_FULL_DATABASE,DROP ANY SQL PROFILE
DATAPUMP_IMP_FULL_DATABASE,ALTER RESOURCE COST
EXP_FULL_DATABASE,EXEMPT REDACTION POLICY
IMP_FULL_DATABASE,GRANT ANY PRIVILEGE
IMP_FULL_DATABASE,EXECUTE ANY OPERATOR
XS_CONNECT,CREATE SESSION
DBSFWUSER,CREATE SESSION
ORACLE_OCM,CREATE JOB
RECOVERY_CATALOG_OWNER,ALTER SESSION
RECOVERY_CATALOG_OWNER,CREATE DATABASE LINK
RECOVERY_CATALOG_OWNER,CREATE TYPE
EM_EXPRESS_BASIC,EM EXPRESS CONNECT
EM_EXPRESS_ALL,ADMINISTER SQL TUNING SET
EM_EXPRESS_ALL,ADMINISTER ANY SQL TUNING SET
SYSUMF_ROLE,ADMINISTER SQL MANAGEMENT OBJECT
SCHEDULER_ADMIN,EXECUTE ANY CLASS
OEM_MONITOR,ADVISOR
DBSNMP,CREATE PROCEDURE
SYSBACKUP,CREATE ANY CLUSTER
SYSRAC,ALTER DATABASE
XDB,UNLIMITED TABLESPACE
XDB,ALTER SESSION
WMSYS,SELECT ANY DICTIONARY
WMSYS,ALTER ANY INDEX
WMSYS,EXECUTE ANY TYPE
WMSYS,SELECT ANY SEQUENCE
MDSYS,CREATE TRIGGER
OLAP_DBA,DELETE ANY TABLE
OLAP_DBA,SELECT ANY CUBE DIMENSION
OLAP_DBA,UPDATE ANY CUBE
OLAP_DBA,CREATE SEQUENCE
OLAP_USER,CREATE CUBE DIMENSION
DV_REALM_RESOURCE,CREATE CLUSTER
DV_REALM_OWNER,CREATE ANY VIEW
DV_REALM_OWNER,DROP ANY MATERIALIZED VIEW
DV_REALM_OWNER,DROP ANY OPERATOR
DV_REALM_OWNER,DROP ANY SYNONYM
DV_REALM_OWNER,DROP ANY TABLE
DV_REALM_OWNER,DROP ANY TRIGGER
DV_REALM_OWNER,EXECUTE ANY OPERATOR
DBA,MANAGE TABLESPACE
DBA,CREATE ANY TABLE
DBA,CREATE SEQUENCE
DBA,GRANT ANY ROLE
DBA,ALTER ANY ROLE
DBA,CREATE ANY PROCEDURE
DBA,ALTER ANY PROCEDURE
DBA,DROP ANY PROCEDURE
DBA,EXECUTE ANY PROCEDURE
DBA,CREATE ANY DIRECTORY
DBA,CREATE ANY TYPE
DBA,CREATE ANY LIBRARY
DBA,DROP ANY LIBRARY
DBA,ALTER ANY INDEXTYPE
DBA,ENQUEUE ANY QUEUE
DBA,DEQUEUE ANY QUEUE
DBA,ADVISOR
DBA,DROP ANY ASSEMBLY
DBA,ALTER ANY CUBE DIMENSION
DBA,CREATE ANY CUBE DIMENSION
DBA,ALTER ANY CUBE
DBA,DROP ANY CUBE BUILD PROCESS
DBA,UPDATE ANY CUBE DIMENSION
DBA,USE ANY SQL TRANSLATION PROFILE
DBA,SET CONTAINER
SYSTEM,MANAGE ANY QUEUE
SYS,CREATE SESSION
SYS,RESTRICTED SESSION
SYS,BECOME USER
SYS,CREATE ROLLBACK SEGMENT
SYS,SELECT ANY TABLE
SYS,UPDATE ANY TABLE
SYS,CREATE ANY INDEX
SYS,ALTER ANY INDEX
SYS,CREATE DATABASE LINK
SYS,DROP ANY PROCEDURE
SYS,ANALYZE ANY
SYS,DROP ANY MATERIALIZED VIEW
SYS,DROP ANY TYPE
SYS,EXECUTE ANY OPERATOR
SYS,DROP ANY INDEXTYPE
SYS,MANAGE ANY QUEUE
SYS,CREATE ANY CONTEXT
SYS,CREATE ANY OUTLINE
SYS,DEBUG CONNECT ANY
SYS,CREATE EVALUATION CONTEXT
SYS,ADVISOR
SYS,CREATE ANY SQL PROFILE
SYS,CREATE MINING MODEL
SYS,SELECT ANY MINING MODEL
SYS,COMMENT ANY MINING MODEL
SYS,INSERT ANY CUBE DIMENSION
SYS,ADMINISTER SQL MANAGEMENT OBJECT
SYS,CREATE SQL TRANSLATION PROFILE
SYS,CREATE PLUGGABLE DATABASE
SYS,SET CONTAINER
SYS,ALTER ANY CUBE BUILD PROCESS
SYS,ALTER ANY ATTRIBUTE DIMENSION
SYS,CREATE ANY HIERARCHY
EXP_FULL_DATABASE,BACKUP ANY TABLE
IMP_FULL_DATABASE,CREATE ANY INDEX
IMP_FULL_DATABASE,CREATE ANY MATERIALIZED VIEW
IMP_FULL_DATABASE,AUDIT ANY
IMP_FULL_DATABASE,CREATE ANY DIMENSION
IMP_FULL_DATABASE,DROP ANY OUTLINE
IMP_FULL_DATABASE,DROP ANY TRIGGER
IMP_FULL_DATABASE,DROP PUBLIC DATABASE LINK
IMP_FULL_DATABASE,DROP ANY ROLE
IMP_FULL_DATABASE,DROP ANY DIMENSION
DATAPUMP_EXP_FULL_DATABASE,CREATE TABLE
EXP_FULL_DATABASE,FLASHBACK ANY TABLE
ORACLE_OCM,SET CONTAINER
EM_EXPRESS_ALL,ALTER TABLESPACE
AUDSYS,ALTER SESSION
AUDSYS,SELECT ANY DICTIONARY
AUDSYS,RESTRICTED SESSION
SYSUMF_ROLE,ADVISOR
SYS$UMF,CREATE SESSION
SCHEDULER_ADMIN,CREATE EXTERNAL JOB
SCHEDULER_ADMIN,CREATE ANY CREDENTIAL
OEM_MONITOR,CREATE SESSION
OEM_MONITOR,MANAGE ANY QUEUE
SYSBACKUP,ALTER SESSION
SYSBACKUP,CREATE ANY TABLE
SYSDG,ALTER DATABASE
SYSRAC,ALTER SESSION
GSMADMIN_INTERNAL,INHERIT ANY PRIVILEGES
GSMADMIN_INTERNAL,ALTER DATABASE
GSMADMIN_INTERNAL,CREATE JOB
XDB,INHERIT ANY PRIVILEGES
WMSYS,EXECUTE ANY PROCEDURE
WMSYS,DELETE ANY TABLE
WMSYS,DROP ANY TABLE
WMSYS,CREATE ANY VIEW
WMSYS,DROP ANY VIEW
CTXSYS,CREATE SESSION
CTXSYS,ALTER SESSION
CTXSYS,CREATE VIEW
MDSYS,CREATE TABLE
MDSYS,CREATE ANY SEQUENCE
MDSYS,ADMINISTER DATABASE TRIGGER
DVSYS,CREATE ANY CONTEXT
DVSYS,DROP ANY CONTEXT
OLAP_DBA,CREATE ANY TABLE
OLAP_DBA,INSERT ANY TABLE
OLAP_DBA,CREATE ANY CUBE
OLAP_DBA,CREATE ANY VIEW
OLAP_USER,CREATE MEASURE FOLDER
DV_REALM_OWNER,CREATE ANY INDEXTYPE
DV_REALM_OWNER,CREATE ANY TYPE
DV_REALM_OWNER,ALTER ANY INDEXTYPE
DV_REALM_OWNER,DROP ANY INDEXTYPE
DV_REALM_OWNER,DROP ANY OUTLINE
DV_REALM_OWNER,DROP ANY SEQUENCE
DV_REALM_OWNER,SELECT ANY TABLE
DV_REALM_OWNER,UPDATE ANY TABLE
DV_REALM_OWNER,EXECUTE ANY TYPE
