grantee,privilege,admin_option
ANONYMOUS,CREATE SESSION,NO
APPQOSSYS,ADMINISTER RESOURCE MANAGER,NO
APPQOSSYS,CREATE SESSION,NO
APPQOSSYS,ALTER SESSION,NO
AQ_ADMINISTRATOR_ROLE,ENQUEUE ANY QUEUE,YES
AQ_ADMINISTRATOR_ROLE,DEQUEUE ANY QUEUE,YES
AQ_ADMINISTRATOR_ROLE,CREATE EVALUATION CONTEXT,YES
AQ_ADMINISTRATOR_ROLE,MANAGE ANY QUEUE,YES
AQ_ADMINISTRATOR_ROLE,CREATE RULE,YES
AQ_ADMINISTRATOR_ROLE,CREATE RULE SET,YES
AUDIT_ADMIN,AUDIT ANY,NO
AUDIT_ADMIN,AUDIT SYSTEM,NO
AUDSYS,CREATE JOB,NO
AUDSYS,ANALYZE ANY DICTIONARY,NO
AUDSYS,CREATE TABLE,NO
AUDSYS,SELECT ANY DICTIONARY,NO
AUDSYS,ALTER SESSION,NO
AUDSYS,SET CONTAINER,NO
AUDSYS,RESTRICTED SESSION,NO
CDB_DBA,SET CONTAINER,NO
CONNECT,SET CONTAINER,NO
CONNECT,CREATE SESSION,NO
CTXAPP,CREATE SEQUENCE,NO
CTXSYS,CREATE SYNONYM,NO
CTXSYS,SET CONTAINER,NO
CTXSYS,CREATE PUBLIC SYNONYM,NO
CTXSYS,DROP PUBLIC SYNONYM,NO
CTXSYS,CREATE SESSION,NO
CTXSYS,ALTER SESSION,NO
CTXSYS,CREATE JOB,NO
CTXSYS,UNLIMITED TABLESPACE,NO
CTXSYS,CREATE VIEW,NO
CTXSYS,INHERIT ANY PRIVILEGES,NO
CTXSYS,MANAGE SCHEDULER,NO
DATAPATCH_ROLE,ALTER SESSION,NO
DATAPUMP_EXP_FULL_DATABASE,CREATE SESSION,NO
DATAPUMP_EXP_FULL_DATABASE,CREATE TABLE,NO
DATAPUMP_IMP_FULL_DATABASE,GRANT ANY PRIVILEGE,NO
DATAPUMP_IMP_FULL_DATABASE,EXECUTE ANY OPERATOR,NO
DATAPUMP_IMP_FULL_DATABASE,ALTER USER,NO
DATAPUMP_IMP_FULL_DATABASE,ALTER DATABASE,NO
DATAPUMP_IMP_FULL_DATABASE,ALTER PROFILE,NO
DATAPUMP_IMP_FULL_DATABASE,GRANT ANY OBJECT PRIVILEGE,NO
DATAPUMP_IMP_FULL_DATABASE,GRANT ANY ROLE,NO
DATAPUMP_IMP_FULL_DATABASE,SELECT ANY TABLE,NO
DATAPUMP_IMP_FULL_DATABASE,DELETE ANY TABLE,NO
DATAPUMP_IMP_FULL_DATABASE,AUDIT ANY,NO
DATAPUMP_IMP_FULL_DATABASE,CREATE SESSION,NO
DATAPUMP_IMP_FULL_DATABASE,CREATE PROFILE,NO
DATAPUMP_IMP_FULL_DATABASE,AUDIT SYSTEM,NO
DATAPUMP_IMP_FULL_DATABASE,ALTER RESOURCE COST,NO
DBA,AUDIT SYSTEM,NO
DBA,ALTER ANY TABLE,NO
DBA,ALTER ANY SEQUENCE,NO
DBA,DROP PUBLIC DATABASE LINK,NO
DBA,AUDIT ANY,NO
DBA,ALTER ANY TYPE,NO
DBA,DROP ANY TYPE,NO
DBA,EXECUTE ANY LIBRARY,NO
DBA,CREATE ANY OPERATOR,NO
DBA,DROP ANY OPERATOR,NO
DBA,CREATE ANY INDEXTYPE,NO
DBA,DROP ANY INDEXTYPE,NO
DBA,EXECUTE ANY INDEXTYPE,NO
DBA,IMPORT FULL DATABASE,NO
DBA,EXECUTE ANY RULE,NO
DBA,CREATE JOB,NO
DBA,DROP ANY SQL PROFILE,NO
DBA,ALTER ANY SQL PROFILE,NO
DBA,CREATE ANY SQL PROFILE,NO
DBA,CHANGE NOTIFICATION,NO
DBA,DROP ANY EDITION,NO
DBA,CREATE ANY ASSEMBLY,NO
DBA,COMMENT ANY MINING MODEL,NO
DBA,DROP ANY MEASURE FOLDER,NO
DBA,READ ANY TABLE,NO
DBA,MANAGE TABLESPACE,NO
DBA,CREATE ANY TABLE,NO
DBA,CREATE SEQUENCE,NO
DBA,GRANT ANY ROLE,NO
DBA,ALTER ANY ROLE,NO
DBA,CREATE ANY PROCEDURE,NO
DBA,ALTER ANY PROCEDURE,NO
DBA,DROP ANY PROCEDURE,NO
DBA,EXECUTE ANY PROCEDURE,NO
DBA,CREATE ANY DIRECTORY,NO
DBA,CREATE ANY TYPE,NO
DBA,CREATE ANY LIBRARY,NO
DBA,DROP ANY LIBRARY,NO
DBA,ALTER ANY INDEXTYPE,NO
DBA,ENQUEUE ANY QUEUE,NO
DBA,DEQUEUE ANY QUEUE,NO
DBA,ADVISOR,NO
DBA,DROP ANY ASSEMBLY,NO
DBA,ALTER ANY CUBE DIMENSION,NO
DBA,CREATE ANY CUBE DIMENSION,NO
DBA,ALTER ANY CUBE,NO
DBA,DROP ANY CUBE BUILD PROCESS,NO
DBA,UPDATE ANY CUBE DIMENSION,NO
DBA,USE ANY SQL TRANSLATION PROFILE,NO
DBA,SET CONTAINER,NO
DBA,CREATE ANY EDITION,NO
DBA,ALTER ANY ASSEMBLY,NO
DBA,CREATE CUBE DIMENSION,NO
DBA,INSERT ANY CUBE DIMENSION,NO
DBA,CREATE ANY MEASURE FOLDER,NO
DBA,ADMINISTER SQL MANAGEMENT OBJECT,NO
DBA,ALTER ANY SQL TRANSLATION PROFILE,NO
DBA,EM EXPRESS CONNECT,NO
DBA,DROP ANY HIERARCHY,NO
DBA,BECOME USER,NO
DBA,DROP USER,NO
DBA,INSERT ANY TABLE,NO
DBA,DROP ANY SYNONYM,NO
DBA,CREATE VIEW,NO
DBA,CREATE TYPE,NO
DBA,EXECUTE ANY OPERATOR,NO
DBA,CREATE INDEXTYPE,NO
DBA,GLOBAL QUERY REWRITE,NO
DBA,ALTER ANY DIMENSION,NO
DBA,ADMINISTER DATABASE TRIGGER,NO
DBA,SELECT ANY DICTIONARY,NO
DBA,GRANT ANY OBJECT PRIVILEGE,NO
DBA,DROP ANY RULE SET,NO
DBA,DROP ANY RULE,NO
DBA,EXECUTE ANY PROGRAM,NO
DBA,ALTER ANY EDITION,NO
DBA,CREATE MINING MODEL,NO
DBA,CREATE ANY MINING MODEL,NO
DBA,ALTER ANY MINING MODEL,NO
DBA,UPDATE ANY CUBE,NO
DBA,ALTER LOCKDOWN PROFILE,NO
DBA,SELECT ANY CUBE BUILD PROCESS,NO
DBA,DROP ANY ATTRIBUTE DIMENSION,NO
DBA,CREATE ANALYTIC VIEW,NO
DBA,DROP ANY INDEX,NO
DBA,CREATE DATABASE LINK,NO
DBA,FORCE ANY TRANSACTION,NO
DBA,CREATE ANY TRIGGER,NO
DBA,DROP ANY TRIGGER,NO
DBA,DROP ANY DIRECTORY,NO
DBA,QUERY REWRITE,NO
DBA,CREATE ANY DIMENSION,NO
DBA,MANAGE ANY QUEUE,NO
DBA,DROP ANY OUTLINE,NO
DBA,MERGE ANY VIEW,NO
DBA,DEBUG CONNECT SESSION,NO
DBA,CREATE ANY RULE SET,NO
DBA,EXPORT FULL DATABASE,NO
DBA,CREATE RULE,NO
DBA,EXECUTE ANY CLASS,NO
DBA,MANAGE ANY FILE GROUP,NO
DBA,CREATE ASSEMBLY,NO
DBA,EXECUTE ANY ASSEMBLY,NO
DBA,EXECUTE ASSEMBLY,NO
DBA,SELECT ANY CUBE DIMENSION,NO
DBA,CREATE ANY CUBE,NO
DBA,INSERT ANY MEASURE FOLDER,NO
DBA,CREATE ANY CUBE BUILD PROCESS,NO
DBA,ALTER ANY HIERARCHY,NO
DBA,DROP ANY ANALYTIC VIEW,NO
DBA,CREATE SESSION,NO
DBA,CREATE USER,NO
DBA,CREATE ROLLBACK SEGMENT,NO
DBA,SELECT ANY TABLE,NO
DBA,REDEFINE ANY TABLE,NO
DBA,DROP ANY CLUSTER,NO
DBA,ALTER ANY INDEX,NO
DBA,CREATE SYNONYM,NO
DBA,DROP PUBLIC SYNONYM,NO
DBA,DROP ANY SEQUENCE,NO
DBA,CREATE ROLE,NO
DBA,DROP ANY ROLE,NO
DBA,ALTER RESOURCE COST,NO
DBA,ANALYZE ANY,NO
DBA,CREATE MATERIALIZED VIEW,NO
DBA,DROP ANY MATERIALIZED VIEW,NO
DBA,CREATE OPERATOR,NO
DBA,UNDER ANY TABLE,NO
DBA,ALTER ANY OUTLINE,NO
DBA,ADMINISTER RESOURCE MANAGER,NO
DBA,RESUMABLE,NO
DBA,DEBUG ANY PROCEDURE,NO
DBA,FLASHBACK ANY TABLE,NO
DBA,EXECUTE ANY RULE SET,NO
DBA,CREATE ANY RULE,NO
DBA,MANAGE FILE GROUP,NO
DBA,READ ANY FILE GROUP,NO
DBA,CREATE EXTERNAL JOB,NO
DBA,DELETE ANY CUBE DIMENSION,NO
DBA,CREATE MEASURE FOLDER,NO
DBA,DELETE ANY MEASURE FOLDER,NO
DBA,UPDATE ANY CUBE BUILD PROCESS,NO
DBA,FLASHBACK ARCHIVE ADMINISTER,NO
DBA,CREATE PLUGGABLE DATABASE,NO
DBA,SELECT ANY MEASURE FOLDER,NO
DBA,ALTER ANY CUBE BUILD PROCESS,NO
DBA,DELETE ANY TABLE,NO
DBA,CREATE CLUSTER,NO
DBA,CREATE ANY INDEX,NO
DBA,CREATE PUBLIC SYNONYM,NO
DBA,CREATE ANY VIEW,NO
DBA,CREATE ANY SEQUENCE,NO
DBA,CREATE PUBLIC DATABASE LINK,NO
DBA,ALTER DATABASE,NO
DBA,CREATE PROFILE,NO
DBA,GRANT ANY PRIVILEGE,NO
DBA,EXECUTE ANY TYPE,NO
DBA,UNDER ANY TYPE,NO
DBA,ALTER ANY LIBRARY,NO
DBA,ALTER ANY OPERATOR,NO
DBA,CREATE DIMENSION,NO
DBA,DROP ANY DIMENSION,NO
DBA,CREATE ANY EVALUATION CONTEXT,NO
DBA,EXECUTE ANY EVALUATION CONTEXT,NO
DBA,ALTER ANY RULE,NO
DBA,ANALYZE ANY DICTIONARY,NO
DBA,MANAGE SCHEDULER,NO
DBA,ADMINISTER SQL TUNING SET,NO
DBA,CREATE CUBE,NO
DBA,DROP ANY CUBE,NO
DBA,DROP ANY SQL TRANSLATION PROFILE,NO
DBA,USE ANY JOB RESOURCE,NO
DBA,CREATE HIERARCHY,NO
DBA,CREATE ANY ANALYTIC VIEW,NO
DBA,ALTER ANY ANALYTIC VIEW,NO
DBA,DROP TABLESPACE,NO
DBA,DROP ROLLBACK SEGMENT,NO
DBA,CREATE TABLE,NO
DBA,BACKUP ANY TABLE,NO
DBA,COMMENT ANY TABLE,NO
DBA,ALTER ANY CLUSTER,NO
DBA,ALTER SESSION,NO
DBA,CREATE TABLESPACE,NO
DBA,ALTER TABLESPACE,NO
DBA,ALTER USER,NO
DBA,ALTER ROLLBACK SEGMENT,NO
DBA,CREATE ANY CLUSTER,NO
DBA,CREATE ANY SYNONYM,NO
DBA,SELECT ANY SEQUENCE,NO
DBA,DROP PROFILE,NO
DBA,ALTER ANY MATERIALIZED VIEW,NO
DBA,UNDER ANY VIEW,NO
DBA,CREATE ANY CONTEXT,NO
DBA,CREATE ANY OUTLINE,NO
DBA,ON COMMIT REFRESH,NO
DBA,SELECT ANY TRANSACTION,NO
DBA,DROP ANY MINING MODEL,NO
DBA,SELECT ANY MINING MODEL,NO
DBA,DROP ANY CUBE DIMENSION,NO
DBA,SELECT ANY CUBE,NO
DBA,CREATE CUBE BUILD PROCESS,NO
DBA,CREATE SQL TRANSLATION PROFILE,NO
DBA,CREATE ANY SQL TRANSLATION PROFILE,NO
DBA,CREATE LOCKDOWN PROFILE,NO
DBA,DROP LOCKDOWN PROFILE,NO
DBA,CREATE CREDENTIAL,NO
DBA,CREATE ANY CREDENTIAL,NO
DBA,LOGMINING,NO
DBA,ALTER ANY MEASURE FOLDER,NO
DBA,CREATE ATTRIBUTE DIMENSION,NO
DBA,CREATE ANY ATTRIBUTE DIMENSION,NO
DBA,ALTER ANY ATTRIBUTE DIMENSION,NO
DBA,CREATE ANY HIERARCHY,NO
DBA,ALTER SYSTEM,NO
DBA,RESTRICTED SESSION,NO
DBA,DROP ANY TABLE,NO
DBA,LOCK ANY TABLE,NO
DBA,UPDATE ANY TABLE,NO
DBA,DROP ANY VIEW,NO
DBA,FORCE TRANSACTION,NO
DBA,CREATE PROCEDURE,NO
DBA,CREATE TRIGGER,NO
DBA,ALTER ANY TRIGGER,NO
DBA,ALTER PROFILE,NO
DBA,CREATE ANY MATERIALIZED VIEW,NO
DBA,CREATE LIBRARY,NO
DBA,DROP ANY CONTEXT,NO
DBA,DEBUG CONNECT ANY,NO
DBA,CREATE EVALUATION CONTEXT,NO
DBA,ALTER ANY EVALUATION CONTEXT,NO
DBA,DROP ANY EVALUATION CONTEXT,NO
DBA,CREATE RULE SET,NO
DBA,ALTER ANY RULE SET,NO
DBA,CREATE ANY JOB,NO
DBA,ADMINISTER ANY SQL TUNING SET,NO
DBSFWUSER,CREATE SESSION,NO
DBSNMP,UNLIMITED TABLESPACE,NO
DBSNMP,CREATE TABLE,NO
DBSNMP,SELECT ANY DICTIONARY,NO
DBSNMP,CREATE PROCEDURE,NO
DBSNMP,INHERIT ANY PRIVILEGES,NO
DIP,CREATE SESSION,NO
DVF,CREATE PROCEDURE,NO
DVSYS,DROP ANY CONTEXT,NO
DVSYS,CREATE ANY CONTEXT,NO
DVSYS,UNLIMITED TABLESPACE,NO
DVSYS,CREATE ROLE,NO
DV_ACCTMGR,ALTER USER,NO
DV_ACCTMGR,DROP PROFILE,NO
DV_ACCTMGR,CREATE PROFILE,NO
DV_ACCTMGR,CREATE USER,NO
DV_ACCTMGR,CREATE SESSION,YES
DV_ACCTMGR,DROP USER,NO
DV_ACCTMGR,ALTER PROFILE,NO
DV_REALM_OWNER,CREATE ANY MATERIALIZED VIEW,NO
DV_REALM_OWNER,CREATE ANY OPERATOR,NO
DV_REALM_OWNER,CREATE ANY SEQUENCE,NO
DV_REALM_OWNER,ALTER ANY DIMENSION,NO
DV_REALM_OWNER,ALTER ANY PROCEDURE,NO
DV_REALM_OWNER,DROP ANY PROCEDURE,NO
DV_REALM_OWNER,DROP ANY TYPE,NO
DV_REALM_OWNER,CREATE ANY INDEXTYPE,NO
DV_REALM_OWNER,CREATE ANY TYPE,NO
DV_REALM_OWNER,ALTER ANY INDEXTYPE,NO
DV_REALM_OWNER,DROP ANY INDEXTYPE,NO
DV_REALM_OWNER,DROP ANY OUTLINE,NO
DV_REALM_OWNER,DROP ANY SEQUENCE,NO
DV_REALM_OWNER,SELECT ANY TABLE,NO
DV_REALM_OWNER,UPDATE ANY TABLE,NO
DV_REALM_OWNER,EXECUTE ANY TYPE,NO
DV_REALM_OWNER,DROP ANY VIEW,NO
DV_REALM_OWNER,CREATE ANY VIEW,NO
DV_REALM_OWNER,DROP ANY MATERIALIZED VIEW,NO
DV_REALM_OWNER,DROP ANY OPERATOR,NO
DV_REALM_OWNER,DROP ANY SYNONYM,NO
DV_REALM_OWNER,DROP ANY TABLE,NO
DV_REALM_OWNER,DROP ANY TRIGGER,NO
DV_REALM_OWNER,EXECUTE ANY OPERATOR,NO
DV_REALM_OWNER,COMMENT ANY TABLE,NO
DV_REALM_OWNER,CREATE ANY DIMENSION,NO
DV_REALM_OWNER,CREATE ANY TABLE,NO
DV_REALM_OWNER,ALTER ANY OPERATOR,NO
DV_REALM_OWNER,ALTER ANY OUTLINE,NO
DV_REALM_OWNER,DELETE ANY TABLE,NO
DV_REALM_OWNER,INSERT ANY TABLE,NO
DV_REALM_OWNER,CREATE ANY SYNONYM,NO
DV_REALM_OWNER,ALTER ANY CLUSTER,NO
DV_REALM_OWNER,ALTER ANY INDEX,NO
DV_REALM_OWNER,ALTER ANY MATERIALIZED VIEW,NO
DV_REALM_OWNER,ALTER ANY TABLE,NO
DV_REALM_OWNER,DROP ANY CLUSTER,NO
DV_REALM_OWNER,DROP ANY DIMENSION,NO
DV_REALM_OWNER,DROP ANY INDEX,NO
DV_REALM_OWNER,CREATE ANY CLUSTER,NO
DV_REALM_OWNER,CREATE ANY CONTEXT,NO
DV_REALM_OWNER,CREATE ANY OUTLINE,NO
DV_REALM_OWNER,CREATE ANY TRIGGER,NO
DV_REALM_OWNER,ALTER ANY TYPE,NO
DV_REALM_OWNER,SELECT ANY SEQUENCE,NO
DV_REALM_OWNER,CREATE ANY INDEX,NO
DV_REALM_OWNER,CREATE ANY PROCEDURE,NO
DV_REALM_OWNER,ALTER ANY SEQUENCE,NO
DV_REALM_OWNER,ALTER ANY TRIGGER,NO
DV_REALM_OWNER,EXECUTE ANY INDEXTYPE,NO
DV_REALM_OWNER,EXECUTE ANY PROCEDURE,NO
DV_REALM_RESOURCE,CREATE SYNONYM,NO
DV_REALM_RESOURCE,CREATE TRIGGER,NO
DV_REALM_RESOURCE,CREATE CLUSTER,NO
DV_REALM_RESOURCE,CREATE OPERATOR,NO
DV_REALM_RESOURCE,CREATE INDEXTYPE,NO
DV_REALM_RESOURCE,CREATE TYPE,NO
DV_REALM_RESOURCE,CREATE SEQUENCE,NO
DV_REALM_RESOURCE,CREATE TABLE,NO
DV_REALM_RESOURCE,CREATE VIEW,NO
DV_REALM_RESOURCE,CREATE PROCEDURE,NO
EM_EXPRESS_ALL,CREATE JOB,NO
EM_EXPRESS_ALL,CREATE TABLESPACE,NO
EM_EXPRESS_ALL,DROP PROFILE,NO
EM_EXPRESS_ALL,ADMINISTER SQL MANAGEMENT OBJECT,NO
EM_EXPRESS_ALL,CREATE ROLE,NO
EM_EXPRESS_ALL,DROP USER,NO
EM_EXPRESS_ALL,DROP TABLESPACE,NO
EM_EXPRESS_ALL,GRANT ANY PRIVILEGE,NO
EM_EXPRESS_ALL,ALTER ANY ROLE,NO
EM_EXPRESS_ALL,ALTER PROFILE,NO
EM_EXPRESS_ALL,GRANT ANY OBJECT PRIVILEGE,NO
EM_EXPRESS_ALL,GRANT ANY ROLE,NO
EM_EXPRESS_ALL,CREATE USER,NO
EM_EXPRESS_ALL,SET CONTAINER,NO
EM_EXPRESS_ALL,ADMINISTER RESOURCE MANAGER,NO
EM_EXPRESS_ALL,CREATE PROFILE,NO
EM_EXPRESS_ALL,ADVISOR,NO
EM_EXPRESS_ALL,ALTER SYSTEM,NO
EM_EXPRESS_ALL,DROP ANY ROLE,NO
EM_EXPRESS_ALL,ALTER USER,NO
EM_EXPRESS_ALL,ADMINISTER SQL TUNING SET,NO
EM_EXPRESS_ALL,ADMINISTER ANY SQL TUNING SET,NO
EM_EXPRESS_ALL,ALTER TABLESPACE,NO
EM_EXPRESS_BASIC,CREATE SESSION,NO
EM_EXPRESS_BASIC,EM EXPRESS CONNECT,NO
EXP_FULL_DATABASE,SELECT ANY SEQUENCE,NO
EXP_FULL_DATABASE,SELECT ANY TABLE,NO
EXP_FULL_DATABASE,EXECUTE ANY PROCEDURE,NO
EXP_FULL_DATABASE,ADMINISTER SQL MANAGEMENT OBJECT,NO
EXP_FULL_DATABASE,CREATE SESSION,NO
EXP_FULL_DATABASE,CREATE TABLE,NO
EXP_FULL_DATABASE,ANALYZE ANY,NO
EXP_FULL_DATABASE,ADMINISTER RESOURCE MANAGER,NO
EXP_FULL_DATABASE,RESUMABLE,NO
EXP_FULL_DATABASE,EXEMPT REDACTION POLICY,NO
EXP_FULL_DATABASE,BACKUP ANY TABLE,NO
EXP_FULL_DATABASE,FLASHBACK ANY TABLE,NO
EXP_FULL_DATABASE,READ ANY FILE GROUP,NO
EXP_FULL_DATABASE,EXECUTE ANY TYPE,NO
GSMADMIN_INTERNAL,CREATE EXTERNAL JOB,NO
GSMADMIN_INTERNAL,CREATE JOB,NO
GSMADMIN_INTERNAL,ALTER DATABASE LINK,YES
GSMADMIN_INTERNAL,CREATE TABLESPACE,NO
GSMADMIN_INTERNAL,ALTER DATABASE,NO
GSMADMIN_INTERNAL,INHERIT ANY PRIVILEGES,NO
GSMADMIN_INTERNAL,CREATE ANY JOB,NO
GSMADMIN_INTERNAL,DROP PUBLIC DATABASE LINK,NO
GSMADMIN_INTERNAL,CREATE PUBLIC DATABASE LINK,NO
GSMADMIN_INTERNAL,CREATE ANY TABLE,NO
GSMADMIN_INTERNAL,DROP TABLESPACE,NO
GSMADMIN_INTERNAL,ALTER TABLESPACE,NO
GSMADMIN_INTERNAL,ALTER SESSION,NO
GSMADMIN_INTERNAL,SET CONTAINER,NO
GSMADMIN_INTERNAL,ALTER ANY INDEX,NO
GSMADMIN_INTERNAL,LOCK ANY TABLE,NO
GSMADMIN_INTERNAL,CREATE ANY CREDENTIAL,NO
GSMADMIN_INTERNAL,ALTER ANY TABLE,NO
GSMADMIN_INTERNAL,EXEMPT ACCESS POLICY,NO
GSMADMIN_INTERNAL,MANAGE SCHEDULER,NO
GSMADMIN_INTERNAL,SELECT ANY DICTIONARY,NO
GSMADMIN_INTERNAL,SELECT ANY TABLE,NO
GSMADMIN_INTERNAL,UNLIMITED TABLESPACE,NO
GSMADMIN_INTERNAL,ALTER SYSTEM,NO
GSMADMIN_INTERNAL,CREATE SESSION,YES
GSMADMIN_INTERNAL,CREATE DATABASE LINK,YES
GSMADMIN_ROLE,ALTER SYSTEM,NO
GSMCATUSER,CREATE SESSION,NO
GSMUSER_ROLE,EXEMPT ACCESS POLICY,NO
GSMUSER_ROLE,CREATE SESSION,NO
GSMUSER_ROLE,ALTER SYSTEM,NO
IMP_FULL_DATABASE,CREATE ANY INDEXTYPE,NO
IMP_FULL_DATABASE,DROP ANY TABLE,NO
IMP_FULL_DATABASE,DROP ANY MATERIALIZED VIEW,NO
IMP_FULL_DATABASE,DROP ANY TYPE,NO
IMP_FULL_DATABASE,ANALYZE ANY,NO
IMP_FULL_DATABASE,DROP ANY SQL PROFILE,NO
IMP_FULL_DATABASE,GRANT ANY PRIVILEGE,NO
IMP_FULL_DATABASE,EXECUTE ANY OPERATOR,NO
IMP_FULL_DATABASE,CREATE ANY INDEX,NO
IMP_FULL_DATABASE,CREATE ANY MATERIALIZED VIEW,NO
IMP_FULL_DATABASE,AUDIT ANY,NO
IMP_FULL_DATABASE,CREATE ANY DIMENSION,NO
IMP_FULL_DATABASE,DROP ANY OUTLINE,NO
IMP_FULL_DATABASE,DROP ANY TRIGGER,NO
IMP_FULL_DATABASE,DROP PUBLIC DATABASE LINK,NO
IMP_FULL_DATABASE,DROP ANY ROLE,NO
IMP_FULL_DATABASE,DROP ANY DIMENSION,NO
IMP_FULL_DATABASE,CREATE ANY TABLE,NO
IMP_FULL_DATABASE,CREATE ANY SEQUENCE,NO
IMP_FULL_DATABASE,INSERT ANY TABLE,NO
IMP_FULL_DATABASE,CREATE ANY SQL PROFILE,NO
IMP_FULL_DATABASE,ADMINISTER SQL MANAGEMENT OBJECT,NO
IMP_FULL_DATABASE,DROP ANY PROCEDURE,NO
IMP_FULL_DATABASE,CREATE SESSION,NO
IMP_FULL_DATABASE,ALTER USER,NO
IMP_FULL_DATABASE,ALTER PROFILE,NO
IMP_FULL_DATABASE,CREATE ANY CLUSTER,NO
IMP_FULL_DATABASE,CREATE DATABASE LINK,NO
IMP_FULL_DATABASE,UPDATE ANY TABLE,NO
IMP_FULL_DATABASE,CREATE ANY TYPE,NO
IMP_FULL_DATABASE,CREATE ANY LIBRARY,NO
IMP_FULL_DATABASE,DROP ROLLBACK SEGMENT,NO
IMP_FULL_DATABASE,DROP ANY DIRECTORY,NO
IMP_FULL_DATABASE,DROP ANY CONTEXT,NO
IMP_FULL_DATABASE,ALTER ANY TRIGGER,NO
IMP_FULL_DATABASE,AUDIT SYSTEM,NO
IMP_FULL_DATABASE,ALTER DATABASE,NO
IMP_FULL_DATABASE,MANAGE ANY QUEUE,NO
IMP_FULL_DATABASE,COMMENT ANY TABLE,NO
IMP_FULL_DATABASE,ALTER ANY TABLE,NO
IMP_FULL_DATABASE,DROP ANY SEQUENCE,NO
IMP_FULL_DATABASE,DROP PROFILE,NO
IMP_FULL_DATABASE,ALTER ANY TYPE,NO
IMP_FULL_DATABASE,ALTER RESOURCE COST,NO
IMP_FULL_DATABASE,ADMINISTER RESOURCE MANAGER,NO
IMP_FULL_DATABASE,CREATE ANY TRIGGER,NO
IMP_FULL_DATABASE,CREATE PROFILE,NO
IMP_FULL_DATABASE,CREATE USER,NO
IMP_FULL_DATABASE,CREATE ANY DIRECTORY,NO
IMP_FULL_DATABASE,CREATE ANY OPERATOR,NO
IMP_FULL_DATABASE,GLOBAL QUERY REWRITE,NO
IMP_FULL_DATABASE,DROP ANY INDEX,NO
IMP_FULL_DATABASE,DROP ANY VIEW,NO
IMP_FULL_DATABASE,DROP ANY LIBRARY,NO
IMP_FULL_DATABASE,DROP ANY OPERATOR,NO
IMP_FULL_DATABASE,RESUMABLE,NO
IMP_FULL_DATABASE,DELETE ANY TABLE,NO
IMP_FULL_DATABASE,GRANT ANY OBJECT PRIVILEGE,NO
IMP_FULL_DATABASE,CREATE ANY PROCEDURE,NO
IMP_FULL_DATABASE,EXECUTE ANY TYPE,NO
IMP_FULL_DATABASE,ADMINISTER DATABASE TRIGGER,NO
IMP_FULL_DATABASE,DROP ANY CLUSTER,NO
IMP_FULL_DATABASE,DROP ANY SYNONYM,NO
IMP_FULL_DATABASE,DROP TABLESPACE,NO
IMP_FULL_DATABASE,DROP USER,NO
IMP_FULL_DATABASE,ALTER ANY PROCEDURE,NO
IMP_FULL_DATABASE,ALTER TABLESPACE,NO
IMP_FULL_DATABASE,BECOME USER,NO
IMP_FULL_DATABASE,CREATE ANY SYNONYM,NO
IMP_FULL_DATABASE,CREATE ANY VIEW,NO
IMP_FULL_DATABASE,CREATE PUBLIC SYNONYM,NO
IMP_FULL_DATABASE,CREATE ROLLBACK SEGMENT,NO
IMP_FULL_DATABASE,CREATE ROLE,NO
IMP_FULL_DATABASE,CREATE TABLESPACE,NO
IMP_FULL_DATABASE,SELECT ANY TABLE,NO
IMP_FULL_DATABASE,EXECUTE ANY PROCEDURE,NO
IMP_FULL_DATABASE,DROP PUBLIC SYNONYM,NO
IMP_FULL_DATABASE,DROP ANY INDEXTYPE,NO
IMP_FULL_DATABASE,GRANT ANY ROLE,NO
IMP_FULL_DATABASE,CREATE PUBLIC DATABASE LINK,NO
IMP_FULL_DATABASE,CREATE ANY CONTEXT,NO
JAVADEBUGPRIV,DEBUG ANY PROCEDURE,NO
JAVADEBUGPRIV,DEBUG CONNECT SESSION,NO
LBACSYS,CREATE SESSION,NO
LBACSYS,ADMINISTER DATABASE TRIGGER,NO
MDSYS,CREATE SEQUENCE,NO
MDSYS,INHERIT ANY PRIVILEGES,NO
MDSYS,DROP PUBLIC SYNONYM,NO
MDSYS,CREATE PUBLIC SYNONYM,NO
MDSYS,ADMINISTER DATABASE TRIGGER,NO
MDSYS,CREATE TRIGGER,NO
MDSYS,CREATE TABLE,NO
MDSYS,CREATE ANY SEQUENCE,NO
MDSYS,CREATE VIEW,NO
OEM_ADVISOR,CREATE JOB,NO
OEM_ADVISOR,ADMINISTER SQL TUNING SET,NO
OEM_ADVISOR,ADVISOR,NO
OEM_MONITOR,CREATE JOB,NO
OEM_MONITOR,CREATE SESSION,NO
OEM_MONITOR,ANALYZE ANY DICTIONARY,NO
OEM_MONITOR,SELECT ANY DICTIONARY,NO
OEM_MONITOR,ADVISOR,NO
OEM_MONITOR,MANAGE ANY QUEUE,NO
OJVMSYS,UNLIMITED TABLESPACE,NO
OLAP_DBA,INSERT ANY MEASURE FOLDER,NO
OLAP_DBA,DROP ANY CUBE,NO
OLAP_DBA,DELETE ANY CUBE DIMENSION,NO
OLAP_DBA,INSERT ANY CUBE DIMENSION,NO
OLAP_DBA,DROP ANY CUBE DIMENSION,NO
OLAP_DBA,CREATE ANY CUBE DIMENSION,NO
OLAP_DBA,UPDATE ANY TABLE,NO
OLAP_DBA,DROP ANY VIEW,NO
OLAP_DBA,DROP ANY CUBE BUILD PROCESS,NO
OLAP_DBA,SELECT ANY TABLE,NO
OLAP_DBA,CREATE JOB,NO
OLAP_DBA,CREATE ANY VIEW,NO
OLAP_DBA,CREATE ANY CUBE,NO
OLAP_DBA,INSERT ANY TABLE,NO
OLAP_DBA,CREATE ANY TABLE,NO
OLAP_DBA,CREATE SEQUENCE,NO
OLAP_DBA,UPDATE ANY CUBE,NO
OLAP_DBA,SELECT ANY CUBE DIMENSION,NO
OLAP_DBA,DELETE ANY TABLE,NO
OLAP_DBA,UPDATE ANY CUBE BUILD PROCESS,NO
OLAP_DBA,DROP ANY MEASURE FOLDER,NO
OLAP_DBA,DELETE ANY MEASURE FOLDER,NO
OLAP_DBA,UPDATE ANY CUBE DIMENSION,NO
OLAP_DBA,CREATE ANY CUBE BUILD PROCESS,NO
OLAP_DBA,DROP ANY TABLE,NO
OLAP_DBA,CREATE ANY MEASURE FOLDER,NO
OLAP_DBA,SELECT ANY CUBE,NO
OLAP_USER,CREATE VIEW,NO
OLAP_USER,CREATE TABLE,NO
OLAP_USER,CREATE MEASURE FOLDER,NO
OLAP_USER,CREATE CUBE BUILD PROCESS,NO
OLAP_USER,CREATE SEQUENCE,NO
OLAP_USER,CREATE JOB,NO
OLAP_USER,CREATE CUBE DIMENSION,NO
OLAP_USER,CREATE CUBE,NO
ORACLE_AI,SELECT ANY DICTIONARY,NO
ORACLE_AI,UNLIMITED TABLESPACE,NO
ORACLE_OCM,CREATE JOB,NO
ORACLE_OCM,SET CONTAINER,NO
ORDDATA,UNLIMITED TABLESPACE,NO
ORDSYS,UNLIMITED TABLESPACE,NO
PDB_DBA,CREATE SESSION,NO
PDB_DBA,CREATE PLUGGABLE DATABASE,NO
RECOVERY_CATALOG_OWNER,CREATE VIEW,NO
RECOVERY_CATALOG_OWNER,CREATE DATABASE LINK,NO
RECOVERY_CATALOG_OWNER,ALTER SESSION,NO
RECOVERY_CATALOG_OWNER,CREATE CLUSTER,NO
RECOVERY_CATALOG_OWNER,CREATE TRIGGER,NO
RECOVERY_CATALOG_OWNER,CREATE SEQUENCE,NO
RECOVERY_CATALOG_OWNER,CREATE SYNONYM,NO
RECOVERY_CATALOG_OWNER,CREATE TABLE,NO
RECOVERY_CATALOG_OWNER,CREATE SESSION,NO
RECOVERY_CATALOG_OWNER,CREATE PROCEDURE,NO
RECOVERY_CATALOG_OWNER,CREATE TYPE,NO
RECOVERY_CATALOG_OWNER_VPD,CREATE ANY CONTEXT,NO
RECOVERY_CATALOG_OWNER_VPD,ADMINISTER DATABASE TRIGGER,NO
RECOVERY_CATALOG_OWNER_VPD,DROP ANY CONTEXT,NO
RECOVERY_CATALOG_OWNER_VPD,CREATE ANY SYNONYM,NO
RECOVERY_CATALOG_OWNER_VPD,DROP ANY SYNONYM,NO
RESOURCE,CREATE TRIGGER,NO
RESOURCE,CREATE TABLE,NO
RESOURCE,CREATE PROCEDURE,NO
RESOURCE,CREATE TYPE,NO
RESOURCE,CREATE OPERATOR,NO
RESOURCE,CREATE SEQUENCE,NO
RESOURCE,CREATE CLUSTER,NO
RESOURCE,CREATE INDEXTYPE,NO
SCHEDULER_ADMIN,CREATE EXTERNAL JOB,YES
SCHEDULER_ADMIN,CREATE ANY CREDENTIAL,YES
SCHEDULER_ADMIN,EXECUTE ANY CLASS,YES
SCHEDULER_ADMIN,MANAGE SCHEDULER,YES
SCHEDULER_ADMIN,EXECUTE ANY PROGRAM,YES
SCHEDULER_ADMIN,CREATE JOB,YES
SCHEDULER_ADMIN,CREATE ANY JOB,YES
SCHEDULER_ADMIN,CREATE CREDENTIAL,YES
SYS,CREATE MINING MODEL,NO
SYS,SELECT ANY MINING MODEL,NO
SYS,COMMENT ANY MINING MODEL,NO
SYS,INSERT ANY CUBE DIMENSION,NO
SYS,ADMINISTER SQL MANAGEMENT OBJECT,NO
SYS,CREATE SQL TRANSLATION PROFILE,NO
SYS,CREATE PLUGGABLE DATABASE,NO
SYS,SET CONTAINER,NO
SYS,ALTER ANY CUBE BUILD PROCESS,NO
SYS,ALTER ANY ATTRIBUTE DIMENSION,NO
SYS,CREATE ANY HIERARCHY,NO
SYS,BACKUP ANY TABLE,NO
SYS,LOCK ANY TABLE,NO
SYS,REDEFINE ANY TABLE,NO
SYS,ALTER ANY CLUSTER,NO
SYS,ALTER ANY SEQUENCE,NO
SYS,CREATE ROLE,NO
SYS,GRANT ANY PRIVILEGE,NO
SYS,EXECUTE ANY LIBRARY,NO
SYS,QUERY REWRITE,NO
SYS,CREATE DIMENSION,NO
SYS,ALTER ANY DIMENSION,NO
SYS,DEQUEUE ANY QUEUE,YES
SYS,DROP ANY OUTLINE,NO
SYS,ADMINISTER RESOURCE MANAGER,NO
SYS,EXECUTE ANY EVALUATION CONTEXT,YES
SYS,DROP ANY RULE SET,YES
SYS,ALTER ANY SQL PROFILE,NO
SYS,ADMINISTER SQL TUNING SET,NO
SYS,DROP ANY EDITION,NO
SYS,DROP ANY MINING MODEL,NO
SYS,ALTER ANY MINING MODEL,NO
SYS,ALTER ANY CUBE DIMENSION,NO
SYS,CREATE ANY CUBE DIMENSION,NO
SYS,INSERT ANY MEASURE FOLDER,NO
SYS,UPDATE ANY CUBE DIMENSION,NO
SYS,ALTER ANY SQL TRANSLATION PROFILE,NO
SYS,DROP ANY SQL TRANSLATION PROFILE,NO
SYS,SELECT ANY MEASURE FOLDER,NO
SYS,READ ANY TABLE,YES
SYS,CREATE ANY ATTRIBUTE DIMENSION,NO
SYS,CREATE ANY ANALYTIC VIEW,NO
SYS,CREATE SESSION,NO
SYS,RESTRICTED SESSION,NO
SYS,BECOME USER,NO
SYS,CREATE ROLLBACK SEGMENT,NO
SYS,SELECT ANY TABLE,YES
SYS,UPDATE ANY TABLE,YES
SYS,CREATE ANY INDEX,NO
SYS,ALTER ANY INDEX,NO
SYS,CREATE DATABASE LINK,NO
SYS,DROP ANY PROCEDURE,NO
SYS,ANALYZE ANY,NO
SYS,DROP ANY MATERIALIZED VIEW,NO
SYS,DROP ANY TYPE,NO
SYS,EXECUTE ANY OPERATOR,NO
SYS,DROP ANY INDEXTYPE,NO
SYS,MANAGE ANY QUEUE,YES
SYS,CREATE ANY CONTEXT,NO
SYS,CREATE ANY OUTLINE,NO
SYS,DEBUG CONNECT ANY,NO
SYS,CREATE EVALUATION CONTEXT,YES
SYS,ADVISOR,NO
SYS,CREATE ANY SQL PROFILE,NO
SYS,ALTER ROLLBACK SEGMENT,NO
SYS,DROP ANY TABLE,NO
SYS,CREATE ANY SYNONYM,NO
SYS,DROP ANY SEQUENCE,NO
SYS,SELECT ANY SEQUENCE,NO
SYS,CREATE PUBLIC DATABASE LINK,NO
SYS,CREATE ANY PROCEDURE,NO
SYS,ALTER ANY PROCEDURE,NO
SYS,CREATE TRIGGER,NO
SYS,ALTER ANY TRIGGER,NO
SYS,CREATE ANY MATERIALIZED VIEW,NO
SYS,CREATE ANY TYPE,NO
SYS,ALTER ANY TYPE,NO
SYS,UNDER ANY TYPE,NO
SYS,CREATE LIBRARY,NO
SYS,DROP ANY LIBRARY,NO
SYS,ALTER ANY OPERATOR,NO
SYS,DROP ANY OPERATOR,NO
SYS,ALTER ANY INDEXTYPE,NO
SYS,UNDER ANY TABLE,NO
SYS,ADMINISTER DATABASE TRIGGER,NO
SYS,ALTER ANY RULE SET,YES
SYS,EXECUTE ANY PROGRAM,NO
SYS,MANAGE SCHEDULER,NO
SYS,ALTER ANY CUBE,NO
SYS,CREATE MEASURE FOLDER,NO
SYS,UPDATE ANY CUBE BUILD PROCESS,NO
SYS,USE ANY SQL TRANSLATION PROFILE,NO
SYS,CREATE ATTRIBUTE DIMENSION,NO
SYS,CREATE TABLESPACE,NO
SYS,CREATE TABLE,NO
SYS,CREATE ANY TABLE,NO
SYS,COMMENT ANY TABLE,NO
SYS,CREATE ANY CLUSTER,NO
SYS,ALTER ANY ROLE,NO
SYS,AUDIT ANY,NO
SYS,FORCE ANY TRANSACTION,NO
SYS,EXECUTE ANY PROCEDURE,NO
SYS,ALTER PROFILE,NO
SYS,DROP PROFILE,NO
SYS,ALTER RESOURCE COST,NO
SYS,EXECUTE ANY INDEXTYPE,NO
SYS,ENQUEUE ANY QUEUE,YES
SYS,DROP ANY CONTEXT,NO
SYS,MERGE ANY VIEW,NO
SYS,DEBUG ANY PROCEDURE,NO
SYS,DROP ANY EVALUATION CONTEXT,YES
SYS,CREATE ANY JOB,NO
SYS,EXECUTE ANY CLASS,NO
SYS,CREATE EXTERNAL JOB,NO
SYS,CREATE ANY EDITION,NO
SYS,ALTER ANY ASSEMBLY,NO
SYS,EXECUTE ANY ASSEMBLY,NO
SYS,CREATE ANY MINING MODEL,NO
SYS,CREATE ANY CUBE,NO
SYS,CREATE ANY CUBE BUILD PROCESS,NO
SYS,CREATE ANY SQL TRANSLATION PROFILE,NO
SYS,ALTER ANY MEASURE FOLDER,NO
SYS,CREATE HIERARCHY,NO
SYS,ALTER ANY HIERARCHY,NO
SYS,CREATE INDEXTYPE,NO
SYS,CREATE ANY DIMENSION,NO
SYS,DROP ANY DIMENSION,NO
SYS,ALTER ANY OUTLINE,NO
SYS,RESUMABLE,NO
SYS,CREATE RULE SET,YES
SYS,IMPORT FULL DATABASE,NO
SYS,CREATE JOB,NO
SYS,ADMINISTER ANY SQL TUNING SET,NO
SYS,CHANGE NOTIFICATION,NO
SYS,CREATE CUBE DIMENSION,NO
SYS,DELETE ANY CUBE DIMENSION,NO
SYS,UPDATE ANY CUBE,NO
SYS,DELETE ANY MEASURE FOLDER,NO
SYS,EM EXPRESS CONNECT,NO
SYS,CREATE ANY CREDENTIAL,NO
SYS,DROP ANY ATTRIBUTE DIMENSION,NO
SYS,CREATE ANALYTIC VIEW,NO
SYS,ALTER SESSION,NO
SYS,MANAGE TABLESPACE,NO
SYS,DROP TABLESPACE,NO
SYS,DROP ROLLBACK SEGMENT,NO
SYS,ALTER ANY TABLE,NO
SYS,INSERT ANY TABLE,YES
SYS,CREATE SYNONYM,NO
SYS,CREATE SEQUENCE,NO
SYS,FORCE TRANSACTION,NO
SYS,CREATE PROCEDURE,NO
SYS,CREATE ANY TRIGGER,NO
SYS,ALTER ANY MATERIALIZED VIEW,NO
SYS,CREATE TYPE,NO
SYS,ALTER ANY LIBRARY,NO
SYS,GLOBAL QUERY REWRITE,NO
SYS,GRANT ANY OBJECT PRIVILEGE,NO
SYS,CREATE ANY EVALUATION CONTEXT,YES
SYS,ALTER ANY EVALUATION CONTEXT,YES
SYS,EXPORT FULL DATABASE,NO
SYS,CREATE ANY RULE,YES
SYS,EXECUTE ANY RULE,YES
SYS,MANAGE FILE GROUP,NO
SYS,READ ANY FILE GROUP,NO
SYS,CREATE ASSEMBLY,NO
SYS,CREATE ANY ASSEMBLY,NO
SYS,DROP ANY CUBE DIMENSION,NO
SYS,CREATE CUBE,NO
SYS,SELECT ANY CUBE,NO
SYS,ALTER LOCKDOWN PROFILE,NO
SYS,CREATE CREDENTIAL,NO
SYS,USE ANY JOB RESOURCE,NO
SYS,DROP ANY ANALYTIC VIEW,NO
SYS,ALTER SYSTEM,NO
SYS,AUDIT SYSTEM,NO
SYS,ALTER TABLESPACE,NO
SYS,CREATE USER,NO
SYS,INHERIT ANY PRIVILEGES,NO
SYS,ALTER USER,NO
SYS,DROP ANY CLUSTER,NO
SYS,CREATE PUBLIC SYNONYM,NO
SYS,CREATE VIEW,NO
SYS,DROP ANY VIEW,NO
SYS,CREATE OPERATOR,NO
SYS,ON COMMIT REFRESH,NO
SYS,DEBUG CONNECT SESSION,NO
SYS,CREATE ANY RULE SET,YES
SYS,EXECUTE ANY RULE SET,YES
SYS,CREATE RULE,YES
SYS,ALTER ANY RULE,YES
SYS,DROP ANY SQL PROFILE,NO
SYS,MANAGE ANY FILE GROUP,NO
SYS,DROP ANY ASSEMBLY,NO
SYS,DROP ANY CUBE,NO
SYS,CREATE ANY MEASURE FOLDER,NO
SYS,DROP LOCKDOWN PROFILE,NO
SYS,LOGMINING,NO
SYS,DROP ANY HIERARCHY,NO
SYS,ALTER ANY ANALYTIC VIEW,NO
SYS,UNLIMITED TABLESPACE,NO
SYS,DROP USER,NO
SYS,CREATE CLUSTER,NO
SYS,DROP ANY INDEX,NO
SYS,DROP ANY SYNONYM,NO
SYS,DROP PUBLIC SYNONYM,NO
SYS,CREATE ANY VIEW,NO
SYS,DROP PUBLIC DATABASE LINK,NO
SYS,DROP ANY TRIGGER,NO
SYS,CREATE PROFILE,NO
SYS,EXECUTE ANY TYPE,NO
SYS,CREATE ANY OPERATOR,NO
SYS,CREATE ANY INDEXTYPE,NO
SYS,UNDER ANY VIEW,NO
SYS,FLASHBACK ANY TABLE,NO
SYS,DROP ANY RULE,YES
SYS,SELECT ANY TRANSACTION,NO
SYS,ALTER ANY EDITION,NO
SYS,EXECUTE ASSEMBLY,NO
SYS,SELECT ANY CUBE DIMENSION,NO
SYS,DROP ANY MEASURE FOLDER,NO
SYS,CREATE CUBE BUILD PROCESS,NO
SYS,DROP ANY CUBE BUILD PROCESS,NO
SYS,FLASHBACK ARCHIVE ADMINISTER,NO
SYS,CREATE LOCKDOWN PROFILE,NO
SYS,SELECT ANY CUBE BUILD PROCESS,NO
SYS,DELETE ANY TABLE,YES
SYS,CREATE ANY SEQUENCE,NO
SYS,DROP ANY ROLE,NO
SYS,GRANT ANY ROLE,NO
SYS,ALTER DATABASE,NO
SYS,CREATE MATERIALIZED VIEW,NO
SYS,CREATE ANY DIRECTORY,NO
SYS,DROP ANY DIRECTORY,NO
SYS,CREATE ANY LIBRARY,NO
SYS$UMF,CREATE SESSION,NO
SYSBACKUP,ALTER DATABASE,NO
SYSBACKUP,ALTER SYSTEM,NO
SYSBACKUP,SELECT ANY TRANSACTION,NO
SYSBACKUP,DROP TABLESPACE,NO
SYSBACKUP,UNLIMITED TABLESPACE,NO
SYSBACKUP,SELECT ANY DICTIONARY,NO
SYSBACKUP,RESUMABLE,NO
SYSBACKUP,ALTER TABLESPACE,NO
SYSBACKUP,CREATE ANY CLUSTER,NO
SYSBACKUP,CREATE ANY DIRECTORY,NO
SYSBACKUP,AUDIT ANY,NO
SYSBACKUP,CREATE ANY TABLE,NO
SYSBACKUP,ALTER SESSION,NO
SYSDG,ALTER SESSION,NO
SYSDG,SELECT ANY DICTIONARY,NO
SYSDG,ALTER SYSTEM,NO
SYSDG,ALTER DATABASE,NO
SYSKM,ADMINISTER KEY MANAGEMENT,YES
SYSRAC,ALTER SYSTEM,NO
SYSRAC,ALTER DATABASE,NO
SYSRAC,ALTER SESSION,NO
SYSTEM,CREATE TABLE,NO
SYSTEM,UNLIMITED TABLESPACE,NO
SYSTEM,ENQUEUE ANY QUEUE,YES
SYSTEM,CREATE MATERIALIZED VIEW,NO
SYSTEM,GLOBAL QUERY REWRITE,NO
SYSTEM,MANAGE ANY QUEUE,YES
SYSTEM,SELECT ANY TABLE,NO
SYSTEM,DEQUEUE ANY QUEUE,YES
SYSUMF_ROLE,ADVISOR,NO
SYSUMF_ROLE,ADMINISTER SQL MANAGEMENT OBJECT,NO
WMSYS,CREATE ANY TRIGGER,NO
WMSYS,DROP ANY VIEW,NO
WMSYS,LOCK ANY TABLE,NO
WMSYS,CREATE ANY INDEX,NO
WMSYS,ALTER ANY TABLE,NO
WMSYS,CREATE ANY TABLE,NO
WMSYS,ALTER ANY TRIGGER,NO
WMSYS,ALTER ANY SEQUENCE,NO
WMSYS,CREATE ANY SEQUENCE,NO
WMSYS,CREATE ANY PROCEDURE,NO
WMSYS,CREATE USER,NO
WMSYS,DROP ANY PROCEDURE,NO
WMSYS,UPDATE ANY TABLE,NO
WMSYS,DROP ANY SEQUENCE,NO
WMSYS,DROP ANY INDEX,NO
WMSYS,SELECT ANY TABLE,NO
WMSYS,DROP ANY TRIGGER,NO
WMSYS,DROP USER,NO
WMSYS,INHERIT ANY PRIVILEGES,NO
WMSYS,ALTER SESSION,NO
WMSYS,INSERT ANY TABLE,NO
WMSYS,UNLIMITED TABLESPACE,NO
WMSYS,SELECT ANY DICTIONARY,NO
WMSYS,ALTER ANY INDEX,NO
WMSYS,EXECUTE ANY TYPE,NO
WMSYS,SELECT ANY SEQUENCE,NO
WMSYS,EXECUTE ANY PROCEDURE,NO
WMSYS,DELETE ANY TABLE,NO
WMSYS,DROP ANY TABLE,NO
WMSYS,CREATE ANY VIEW,NO
WMSYS,ADMINISTER DATABASE TRIGGER,NO
XDB,CREATE LIBRARY,NO
XDB,DROP PUBLIC SYNONYM,NO
XDB,CREATE VIEW,NO
XDB,CREATE SESSION,NO
XDB,INHERIT ANY PRIVILEGES,NO
XDB,CREATE JOB,NO
XDB,CREATE PUBLIC SYNONYM,NO
XDB,UNLIMITED TABLESPACE,NO
XDB,ALTER SESSION,NO
XS_CONNECT,CREATE SESSION,NO
