username,account_status,default_tablespace,profile,granted_role,admin_option
ANONYMOUS,EXPIRED & LOCKED,SYSAUX,DEFAULT,,
APPQOSSYS,LOCKED,SYSAUX,DEFAULT,,
AUDSYS,LOCKED,USERS,DEFAULT,,
CTXSYS,EXPIRED & LOCKED,SYSAUX,DEFAULT,RESOURCE,NO
CTXSYS,EXPIRED & LOCKED,SYSAUX,DEFAULT,CTXAPP,YES
DBSFWUSER,LOCKED,SYSAUX,DEFAULT,,
DBSNMP,LOCKED,SYSAUX,DEFAULT,CDB_DBA,NO
DBSNMP,LOCKED,SYSAUX,DEFAULT,DV_MONITOR,NO
DBSNMP,LOCKED,SYSAUX,DEFAULT,OEM_MONITOR,NO
DIP,LOCKED,USERS,DEFAULT,,
DVF,LOCKED,SYSAUX,DEFAULT,,
DVSYS,LOCKED,SYSAUX,DEFAULT,,
GGSYS,LOCKED,SYSAUX,DEFAULT,,
GSMADMIN_INTERNAL,LOCKED,SYSAUX,DEFAULT,DATAPUMP_IMP_FULL_DATABASE,NO
GSMADMIN_INTERNAL,LOCKED,SYSAUX,DEFAULT,DATAPUMP_EXP_FULL_DATABASE,NO
GSMADMIN_INTERNAL,LOCKED,SYSAUX,DEFAULT,GSM_POOLADMIN_ROLE,YES
GSMCATUSER,LOCKED,USERS,DEFAULT,GSM_POOLADMIN_ROLE,NO
GSMCATUSER,LOCKED,USERS,DEFAULT,AQ_ADMINISTRATOR_ROLE,NO
GSMCATUSER,LOCKED,USERS,DEFAULT,GSMADMIN_ROLE,NO
GSMUSER,LOCKED,USERS,DEFAULT,GSMUSER_ROLE,NO
LBACSYS,LOCKED,SYSTEM,DEFAULT,LBAC_DBA,YES
MDDATA,LOCKED,USERS,DEFAULT,,
MDSYS,LOCKED,SYSAUX,DEFAULT,AQ_ADMINISTRATOR_ROLE,NO
MDSYS,LOCKED,SYSAUX,DEFAULT,CTXAPP,NO
OJVMSYS,LOCKED,USERS,DEFAULT,,
OLAPSYS,LOCKED,SYSAUX,DEFAULT,,
ORACLE_AI,OPEN,USERS,DEFAULT,DBA,NO
ORACLE_AI,OPEN,USERS,DEFAULT,RESOURCE,NO
ORACLE_AI,OPEN,USERS,DEFAULT,CONNECT,NO
ORACLE_AI,OPEN,USERS,DEFAULT,RECOVERY_CATALOG_OWNER,NO
ORACLE_OCM,LOCKED,USERS,DEFAULT,,
ORDDATA,LOCKED,USERS,DEFAULT,,
ORDPLUGINS,LOCKED,USERS,DEFAULT,,
ORDSYS,LOCKED,USERS,DEFAULT,,
OUTLN,LOCKED,SYSTEM,DEFAULT,,
PDBADMIN,OPEN,USERS,DEFAULT,PDB_DBA,YES
REMOTE_SCHEDULER_AGENT,LOCKED,USERS,DEFAULT,,
SI_INFORMTN_SCHEMA,LOCKED,USERS,DEFAULT,,
SYS,OPEN,SYSTEM,DEFAULT,GSMUSER_ROLE,YES
SYS,OPEN,SYSTEM,DEFAULT,AQ_ADMINISTRATOR_ROLE,YES
SYS,OPEN,SYSTEM,DEFAULT,BDSQL_ADMIN,YES
SYS,OPEN,SYSTEM,DEFAULT,JAVADEBUGPRIV,YES
SYS,OPEN,SYSTEM,DEFAULT,JAVA_ADMIN,YES
SYS,OPEN,SYSTEM,DEFAULT,OLAP_DBA,YES
SYS,OPEN,SYSTEM,DEFAULT,OLAP_USER,YES
SYS,OPEN,SYSTEM,DEFAULT,RESOURCE,YES
SYS,OPEN,SYSTEM,DEFAULT,IMP_FULL_DATABASE,YES
SYS,OPEN,SYSTEM,DEFAULT,XS_SESSION_ADMIN,YES
SYS,OPEN,SYSTEM,DEFAULT,NOTIFICATIONS_ADMIN,YES
SYS,OPEN,SYSTEM,DEFAULT,HS_ADMIN_ROLE,YES
SYS,OPEN,SYSTEM,DEFAULT,GSM_POOLADMIN_ROLE,YES
SYS,OPEN,SYSTEM,DEFAULT,DBJAVASCRIPT,YES
SYS,OPEN,SYSTEM,DEFAULT,OLAP_XS_ADMIN,YES
SYS,OPEN,SYSTEM,DEFAULT,DV_REALM_OWNER,YES
SYS,OPEN,SYSTEM,DEFAULT,AUDIT_VIEWER,YES
SYS,OPEN,SYSTEM,DEFAULT,CAPTURE_ADMIN,YES
SYS,OPEN,SYSTEM,DEFAULT,GATHER_SYSTEM_STATISTICS,YES
SYS,OPEN,SYSTEM,DEFAULT,OPTIMIZER_PROCESSING_RATE,YES
SYS,OPEN,SYSTEM,DEFAULT,EM_EXPRESS_ALL,YES
SYS,OPEN,SYSTEM,DEFAULT,GSMADMIN_ROLE,YES
SYS,OPEN,SYSTEM,DEFAULT,XDB_WEBSERVICES_OVER_HTTP,YES
SYS,OPEN,SYSTEM,DEFAULT,SODA_APP,YES
SYS,OPEN,SYSTEM,DEFAULT,DATAPATCH_ROLE,YES
SYS,OPEN,SYSTEM,DEFAULT,JAVAUSERPRIV,YES
SYS,OPEN,SYSTEM,DEFAULT,ORDADMIN,YES
SYS,OPEN,SYSTEM,DEFAULT,DV_REALM_RESOURCE,YES
SYS,OPEN,SYSTEM,DEFAULT,EXP_FULL_DATABASE,YES
SYS,OPEN,SYSTEM,DEFAULT,GSMROOTUSER_ROLE,YES
SYS,OPEN,SYSTEM,DEFAULT,DBMS_MDX_INTERNAL,YES
SYS,OPEN,SYSTEM,DEFAULT,RECOVERY_CATALOG_OWNER_VPD,YES
SYS,OPEN,SYSTEM,DEFAULT,RECOVERY_CATALOG_USER,YES
SYS,OPEN,SYSTEM,DEFAULT,EM_EXPRESS_BASIC,YES
SYS,OPEN,SYSTEM,DEFAULT,MAINTPLAN_APP,YES
SYS,OPEN,SYSTEM,DEFAULT,SCHEDULER_ADMIN,YES
SYS,OPEN,SYSTEM,DEFAULT,LBAC_DBA,YES
SYS,OPEN,SYSTEM,DEFAULT,DBA,YES
SYS,OPEN,SYSTEM,DEFAULT,PDB_DBA,YES
SYS,OPEN,SYSTEM,DEFAULT,AUDIT_ADMIN,YES
SYS,OPEN,SYSTEM,DEFAULT,LOGSTDBY_ADMINISTRATOR,YES
SYS,OPEN,SYSTEM,DEFAULT,PROVISIONER,YES
SYS,OPEN,SYSTEM,DEFAULT,XS_NAMESPACE_ADMIN,YES
SYS,OPEN,SYSTEM,DEFAULT,ACCHK_READ,YES
SYS,OPEN,SYSTEM,DEFAULT,GGSYS_ROLE,YES
SYS,OPEN,SYSTEM,DEFAULT,JAVAIDPRIV,YES
SYS,OPEN,SYSTEM,DEFAULT,JAVASYSPRIV,YES
SYS,OPEN,SYSTEM,DEFAULT,APPLICATION_TRACE_VIEWER,YES
SYS,OPEN,SYSTEM,DEFAULT,DBFS_ROLE,YES
SYS,OPEN,SYSTEM,DEFAULT,DATAPUMP_IMP_FULL_DATABASE,YES
SYS,OPEN,SYSTEM,DEFAULT,RECOVERY_CATALOG_OWNER,YES
SYS,OPEN,SYSTEM,DEFAULT,OEM_ADVISOR,YES
SYS,OPEN,SYSTEM,DEFAULT,XDBADMIN,YES
SYS,OPEN,SYSTEM,DEFAULT,XDB_SET_INVOKER,YES
SYS,OPEN,SYSTEM,DEFAULT,RDFCTX_ADMIN,YES
SYS,OPEN,SYSTEM,DEFAULT,CONNECT,YES
SYS,OPEN,SYSTEM,DEFAULT,SELECT_CATALOG_ROLE,YES
SYS,OPEN,SYSTEM,DEFAULT,EXECUTE_CATALOG_ROLE,YES
SYS,OPEN,SYSTEM,DEFAULT,DATAPUMP_EXP_FULL_DATABASE,YES
SYS,OPEN,SYSTEM,DEFAULT,XS_CACHE_ADMIN,YES
SYS,OPEN,SYSTEM,DEFAULT,SYSUMF_ROLE,YES
SYS,OPEN,SYSTEM,DEFAULT,HS_ADMIN_EXECUTE_ROLE,YES
SYS,OPEN,SYSTEM,DEFAULT,GDS_CATALOG_SELECT,YES
SYS,OPEN,SYSTEM,DEFAULT,AUTHENTICATEDUSER,YES
SYS,OPEN,SYSTEM,DEFAULT,XDB_WEBSERVICES,YES
SYS,OPEN,SYSTEM,DEFAULT,XDB_WEBSERVICES_WITH_PUBLIC,YES
SYS,OPEN,SYSTEM,DEFAULT,EJBCLIENT,YES
SYS,OPEN,SYSTEM,DEFAULT,JMXSERVER,YES
SYS,OPEN,SYSTEM,DEFAULT,CTXAPP,YES
SYS,OPEN,SYSTEM,DEFAULT,CDB_DBA,YES
SYS,OPEN,SYSTEM,DEFAULT,AQ_USER_ROLE,YES
SYS,OPEN,SYSTEM,DEFAULT,ADM_PARALLEL_EXECUTE_TASK,YES
SYS,OPEN,SYSTEM,DEFAULT,XS_CONNECT,YES
SYS,OPEN,SYSTEM,DEFAULT,BDSQL_USER,YES
SYS,OPEN,SYSTEM,DEFAULT,NOTIFICATIONS_USER,YES
SYS,OPEN,SYSTEM,DEFAULT,HS_ADMIN_SELECT_ROLE,YES
SYS,OPEN,SYSTEM,DEFAULT,OEM_MONITOR,YES
SYS$UMF,LOCKED,USERS,DEFAULT,SYSUMF_ROLE,NO
SYSBACKUP,LOCKED,USERS,DEFAULT,SELECT_CATALOG_ROLE,NO
SYSDG,LOCKED,USERS,DEFAULT,,
SYSKM,LOCKED,USERS,DEFAULT,,
SYSRAC,LOCKED,USERS,DEFAULT,AQ_ADMINISTRATOR_ROLE,NO
SYSTEM,OPEN,SYSTEM,DEFAULT,DBA,NO
SYSTEM,OPEN,SYSTEM,DEFAULT,AQ_ADMINISTRATOR_ROLE,YES
WMSYS,LOCKED,SYSAUX,DEFAULT,WM_ADMIN_ROLE,YES
XDB,LOCKED,SYSAUX,DEFAULT,CTXAPP,NO
XDB,LOCKED,SYSAUX,DEFAULT,DBFS_ROLE,NO
XDB,LOCKED,SYSAUX,DEFAULT,RESOURCE,NO
XDB,LOCKED,SYSAUX,DEFAULT,SODA_APP,YES
XS$NULL,EXPIRED & LOCKED,SYSTEM,DEFAULT,,
